Philosophy of Science and Research in the Humanities,,Philosophie,WiSe 2022/23,<iframe src='https://test-tu-darmstadt.cloud.panopto.eu/Panopto/Pages/Embed.aspx?pid=46fa3f54-a349-4a94-8bc6-afd600a0e460&v=1&autoplay=false&offerviewer=true&showtitle=true&showbrand=true&captions=false&interactivity=all' height='405' width='720' style='border: 1px solid #464646;' allowfullscreen allow='autoplay'></iframe>,;61;;;;;;;;;;;;;;;;;;;;
Ringvorlesung: Verantwortung,"Angesichts von Krieg, Klimawandel und einer rasant veränderten digitalisierten Welt kann man sich fragen, ob Verantwortung überhaupt noch möglich ist. Wie kann Digitalisierung verantwortlich gestaltet werden? Wird nicht alles getan, um der Verantwortung für den Klimawandel zu entkommen? Was genau wäre denn verantwortliches nachhaltiges Handeln? Sind Menschen überhaupt fähig, Verantwortung zu übernehmen? Und welche Verantwortung hat die Wissenschaft im Hinblick auf die Gestaltung der Welt von Morgen? Die Ringvorlesung nimmt einige Aspekte dieses schwierigen Begriffs unter die Lupe.",Philosophie,WiSe 2022/23,<iframe src='https://test-tu-darmstadt.cloud.panopto.eu/Panopto/Pages/Embed.aspx?pid=7250f973-a136-47ca-bf5e-afd600b50ca2&v=1&autoplay=false&offerviewer=true&showtitle=true&showbrand=true&captions=false&interactivity=all' height='405' width='720' style='border: 1px solid #464646;' allowfullscreen allow='autoplay'></iframe>,;395;;;;;;;;;;;;;;;;;;;;
HDSM: Digital Methods in the Humanities,"The lectures brought together under the series ""Digital Methods in the Humanities"" introduce viewers to core methods of digital humanities, and digitally-augmented historical research more widely. The lectures not only introduce viewers to the key concepts and techniques that underpin a range of methods used in digital humanities research but also reflect on the contexts, affordances and limitations of these methods for Humanities sources. Lectures have been recorded in the context of the teaching, learning and research activities of the Chair of Humanities Data Science and Methodology, TUDa.",Geschichte,WiSe 2022/23,<iframe src='https://test-tu-darmstadt.cloud.panopto.eu/Panopto/Pages/Embed.aspx?pid=780ba670-be55-443a-ae52-afd600b67df1&v=1&autoplay=false&offerviewer=true&showtitle=true&showbrand=true&captions=false&interactivity=all' height='405' width='720' style='border: 1px solid #464646;' allowfullscreen allow='autoplay'></iframe>,;409;;;;;;;;;;;;;;;;;;;;
HDSM: Multimodal Digital Humanities Ringvorlesung,"The joint virtual seminar series was convened by Andrew Flinn (UCL) & Julianne Nyhan (TU Darmstadt & UCL) and co-hosted by the Centre for Critical Heritage Studies UCL the Chair of Humanities Data Science and Methodology, TU Darmstadt the International Centre for Archives and Records Management Research, UCL and the UCL Centre for Digital Humanities. It took as a jumping-off point, that the time is right to pursue a Multimodal Digital Oral History, or one that engages with oral history artefacts in all their representational modalities: transcript, sound, waveform, metadata and more.",Geschichte,WiSe 2022/23,<iframe src='https://test-tu-darmstadt.cloud.panopto.eu/Panopto/Pages/Embed.aspx?pid=ec531963-e4d7-4dd6-91c4-afd600ba2ba1&v=1&autoplay=false&offerviewer=true&showtitle=true&showbrand=true&captions=false&interactivity=all' height='405' width='720' style='border: 1px solid #464646;' allowfullscreen allow='autoplay'></iframe>,;409;;;;;;;;;;;;;;;;;;;;
HDSM: Collections as Data,"This symposium series welcomes a range of speakers interested in the intersections between collections as data, the history of collections, critical archival studies, heritage infrastructures and information science research. Among others, it explores the question: how can technology be used to bring together the historical collections held by museums, galleries, libraries and archives so as to allow new questions to be asked about cultural heritage collections at scale and the information that documents those collections?",Geschichte,WiSe 2022/23,<iframe src='https://test-tu-darmstadt.cloud.panopto.eu/Panopto/Pages/Embed.aspx?pid=c1970975-bdb5-481a-b005-afd600ba9b97&v=1&autoplay=false&offerviewer=true&showtitle=true&showbrand=true&captions=false&interactivity=all' height='405' width='720' style='border: 1px solid #464646;' allowfullscreen allow='autoplay'></iframe>,;409;;;;;;;;;;;;;;;;;;;;
Verstehen Sie Krypto!,"Die digitale Transformation des Finanzsektors ist in vollem Gang, die damit verbundenen Umbrüche für die Demokratie und die künftige Gesellschaft sind aber bislang öffentlich nicht greifbar. Spezialist:innen kennen sich zwar aus – jedoch jeweils vor allem in einzelnen Segmenten. Zur Eröffnung eines Diskursraumes, der Relevanzen aufzeigt, braucht es Impulse. Zivilgesellschaftliche Mitwirkung und Mitgestaltung, ja überhaupt nur Positionierung und breitere öffentliche Diskussion erfordern Verständnis und interdisziplinären Austausch. https://zevedi.de/ringvorlesung_verstehen-sie-krypto_sose22/",Philosophie,SoSe 2022,<iframe src='https://test-tu-darmstadt.cloud.panopto.eu/Panopto/Pages/Embed.aspx?pid=fe89363a-7826-47d6-8193-afd600c6fb9d&v=1&autoplay=false&offerviewer=true&showtitle=true&showbrand=true&captions=false&interactivity=all' height='405' width='720' style='border: 1px solid #464646;' allowfullscreen allow='autoplay'></iframe>,;61;378;;;;;;;;;;;;;;;;;;;
Diskursprojekt „Demokratiefragen des digitalisierten Finanzsektors – eFin & Demokratie“,"Mit Bitcoin zahlen? Der Euro als digitales Bargeld? 91,8 Mio. Dollar für ein NFT? Buy now, pay later!Die digitale Transformation des Finanziellen ist tiefgreifend. Was die Veränderungen bedeuten, bleibt offen. Spezialist:innen kennen sich zwar aus– jedoch jeweils vor allem in einzelnen Segmenten. Zur Eröffnung eines Diskursraumes, der Relevanzen aufzeigt, braucht es Impulse. Zivilgesellschaftliche Mitwirkung und Mitgestaltung, ja überhaupt nur Positionierung und breitere öffentliche Diskussion erfordern Verständnis und interdisziplinären Austausch.https://zevedi.de/themen/efin-und-demokratie",Philosophie,SoSe 2022,<iframe src='https://test-tu-darmstadt.cloud.panopto.eu/Panopto/Pages/Embed.aspx?pid=6603b1d6-d0e2-482b-a322-afd600caf83c&v=1&autoplay=false&offerviewer=true&showtitle=true&showbrand=true&captions=false&interactivity=all' height='405' width='720' style='border: 1px solid #464646;' allowfullscreen allow='autoplay'></iframe>,;61;;;;;;;;;;;;;;;;;;;;
Spaceflight Mechanics,"Spaceflight Mechanics is a 6 CP lecture on the basics of astrodynamics. You will learn about the two body problem, orbital perturbations, orbital manoeuvres, and applications.",Informatik,WiSe 2019/20,<iframe src='https://test-tu-darmstadt.cloud.panopto.eu/Panopto/Pages/Embed.aspx?pid=62767814-cb84-412b-98b4-afd600f826e0&v=1&autoplay=false&offerviewer=true&showtitle=true&showbrand=true&captions=false&interactivity=all' height='405' width='720' style='border: 1px solid #464646;' allowfullscreen allow='autoplay'></iframe>,;248;;;;;;;;;;;;;;;;;;;;
Physikalischer Vorkurs SoSe 2020,,Physik,SoSe 2020,<iframe src='https://test-tu-darmstadt.cloud.panopto.eu/Panopto/Pages/Embed.aspx?pid=34e79002-2141-4479-aa84-afd60119ce05&v=1&autoplay=false&offerviewer=true&showtitle=true&showbrand=true&captions=false&interactivity=all' height='405' width='720' style='border: 1px solid #464646;' allowfullscreen allow='autoplay'></iframe>,;35;;;;;;;;;;;;;;;;;;;;
Ansprache des Direktors zu Möglichkeiten der Nutzung der Universitäts- und Landesbibliothek während der Corona-Krise,,Universitätsbibliothek,SoSe 2020,<iframe src='https://test-tu-darmstadt.cloud.panopto.eu/Panopto/Pages/Embed.aspx?pid=83593de2-c330-40a5-b99d-afd6011a459a&v=1&autoplay=false&offerviewer=true&showtitle=true&showbrand=true&captions=false&interactivity=all' height='405' width='720' style='border: 1px solid #464646;' allowfullscreen allow='autoplay'></iframe>,;284;;;;;;;;;;;;;;;;;;;;
"Workshop ""Beurteile nie ein Buch nach seinem Einband - Mittelalterliche Einbände - Materialität & Herstellung""","Die Einbandforschung ist eine interessante Hilfswissenschaft im Kanon der Buch- und Bibliotheksgeschichte. Durch die Materialität, die Ausgestaltung und die Technik der Herstellung kann mann Rückschlüsse ziehen über den herstellenden Buchbinder, die Zeit der Herstellung, den Wert und die Bedeutung des Bandes ziehen. Anhand einiger Beispiele aus der ULB Darmstadt werden einige Einbände und deren Geschichte sowie Besonderheiten vorgestellt.",Universitätsbibliothek,SoSe 2020,<iframe src='https://test-tu-darmstadt.cloud.panopto.eu/Panopto/Pages/Embed.aspx?pid=558c8f20-4d51-427e-b19f-afd6011b8e82&v=1&autoplay=false&offerviewer=true&showtitle=true&showbrand=true&captions=false&interactivity=all' height='405' width='720' style='border: 1px solid #464646;' allowfullscreen allow='autoplay'></iframe>,;284;;;;;;;;;;;;;;;;;;;;
Einführung in die Finanzmathematik,,Mathematik,SoSe 2020,<iframe src='https://test-tu-darmstadt.cloud.panopto.eu/Panopto/Pages/Embed.aspx?pid=034d44f8-36c6-406d-834d-afd601289a12&v=1&autoplay=false&offerviewer=true&showtitle=true&showbrand=true&captions=false&interactivity=all' height='405' width='720' style='border: 1px solid #464646;' allowfullscreen allow='autoplay'></iframe>,;21;;;;;;;;;;;;;;;;;;;;
Höhere Mathematik II,,Mathematik,SoSe 2020,<iframe src='https://test-tu-darmstadt.cloud.panopto.eu/Panopto/Pages/Embed.aspx?pid=9c555bdd-f07a-4d86-bdfb-afd6013e3ebf&v=1&autoplay=false&offerviewer=true&showtitle=true&showbrand=true&captions=false&interactivity=all' height='405' width='720' style='border: 1px solid #464646;' allowfullscreen allow='autoplay'></iframe>,;76;;;;;;;;;;;;;;;;;;;;
Öffentlichkeit und Erfahrung. Ringvorlesung des Instituts für Philosophie im WiSe 19/20,,Philosophie,WiSe 2019/20,<iframe src='https://test-tu-darmstadt.cloud.panopto.eu/Panopto/Pages/Embed.aspx?pid=d30c844c-0062-41a4-b28a-afd601428eff&v=1&autoplay=false&offerviewer=true&showtitle=true&showbrand=true&captions=false&interactivity=all' height='405' width='720' style='border: 1px solid #464646;' allowfullscreen allow='autoplay'></iframe>,;344;;;;;;;;;;;;;;;;;;;;
Wahrscheinlichkeitstheorie,"Lehrinhalte:Maßtheoretische Grundlagen, Integrationstheorie, Zufallsgrößen, Konvergenzbegriffe, charakteristische Funktionen, Unabhängigkeit, 0-1-Gesetze, bedingte Erwartungen, zeitdiskrete Martingale, Grenzwertsätze (Gesetze der großen Zahlen, Zentraler Grenzwertsatz)",Mathematik,WiSe 2019/20,<iframe src='https://test-tu-darmstadt.cloud.panopto.eu/Panopto/Pages/Embed.aspx?pid=280a9eb1-1f4b-4381-90fd-afd60159633d&v=1&autoplay=false&offerviewer=true&showtitle=true&showbrand=true&captions=false&interactivity=all' height='405' width='720' style='border: 1px solid #464646;' allowfullscreen allow='autoplay'></iframe>,;21;;;;;;;;;;;;;;;;;;;;
Bildung und Technologisierung im Kontext der UN-Nachhaltigkeitspolitik,"Die Veranstaltung nimmt den im September 2019 in New York stattfindenden UN-Klima-Sondergipfel sowie die im Dezember 2019 in Santiago de Chile stattfindende UN-Klimakonferenz zum Anlass, um nach den Funktionen von und Herausforderungen für Bildung und Technologisierung im Kontext der UN-Nachhaltigkeitspolitik zu fragen. Ausgangspunkt dafür sind die im Rahmen der Agenda 2030 verabschiedeten Sustainable Development Goals (SDGs), die den derzeitigen Höhepunkt der weltweiten Nachhaltigkeitspolitik beschreiben und denen anhand mehrerer Beiträge vertiefend nachgegangen werden soll.",Pädagogik,WiSe 2019/20,<iframe src='https://test-tu-darmstadt.cloud.panopto.eu/Panopto/Pages/Embed.aspx?pid=5632dcf7-4ba8-4b95-9936-afd6015c06b6&v=1&autoplay=false&offerviewer=true&showtitle=true&showbrand=true&captions=false&interactivity=all' height='405' width='720' style='border: 1px solid #464646;' allowfullscreen allow='autoplay'></iframe>,;303;;;;;;;;;;;;;;;;;;;;
Darmstädter Pädagogik lebt! Ringvorlesung von Studierenden für Studierende,,Pädagogik,WiSe 2019/20,<iframe src='https://test-tu-darmstadt.cloud.panopto.eu/Panopto/Pages/Embed.aspx?pid=4705c130-5b4e-418d-97ea-afd601618afa&v=1&autoplay=false&offerviewer=true&showtitle=true&showbrand=true&captions=false&interactivity=all' height='405' width='720' style='border: 1px solid #464646;' allowfullscreen allow='autoplay'></iframe>,;303;;;;;;;;;;;;;;;;;;;;
Einführung in die Stochastik,Sommersemester 2019,Mathematik,SoSe 2019,<iframe src='https://test-tu-darmstadt.cloud.panopto.eu/Panopto/Pages/Embed.aspx?pid=3e2df45c-3d35-4b83-a3c4-afd60170e40c&v=1&autoplay=false&offerviewer=true&showtitle=true&showbrand=true&captions=false&interactivity=all' height='405' width='720' style='border: 1px solid #464646;' allowfullscreen allow='autoplay'></iframe>,;21;;;;;;;;;;;;;;;;;;;;
Statistik 1 für Humanwissenschaftler ,,Mathematik,WiSe 2014/15,<iframe src='https://test-tu-darmstadt.cloud.panopto.eu/Panopto/Pages/Embed.aspx?pid=7218b2a3-b150-458a-bb27-afd700b5ecb9&v=1&autoplay=false&offerviewer=true&showtitle=true&showbrand=true&captions=false&interactivity=all' height='405' width='720' style='border: 1px solid #464646;' allowfullscreen allow='autoplay'></iframe>,;21;;;;;;;;;;;;;;;;;;;;
Complex Analysis,,Mathematik,WiSe 2014/15,<iframe src='https://test-tu-darmstadt.cloud.panopto.eu/Panopto/Pages/Embed.aspx?pid=f0516162-b1a6-4446-b5ac-afd700c20a58&v=1&autoplay=false&offerviewer=true&showtitle=true&showbrand=true&captions=false&interactivity=all' height='405' width='720' style='border: 1px solid #464646;' allowfullscreen allow='autoplay'></iframe>,;256;;;;;;;;;;;;;;;;;;;;
Gewöhnliche Differentialgleichungen,,Mathematik,WiSe 2014/15,<iframe src='https://test-tu-darmstadt.cloud.panopto.eu/Panopto/Pages/Embed.aspx?pid=64670c8a-d328-4350-bd8b-afd700cd6557&v=1&autoplay=false&offerviewer=true&showtitle=true&showbrand=true&captions=false&interactivity=all' height='405' width='720' style='border: 1px solid #464646;' allowfullscreen allow='autoplay'></iframe>,;76;;;;;;;;;;;;;;;;;;;;
Neue Sicherheitskultur für die Industrie 4.0,"In der Ringvorlesung ""Neue Sicherheitskultur für die Industrie 4.0"" geben Experten und Expertinnen aus den Fachrichtungen Maschinenbau, Informatik, Recht, Politik und Wirtschaft einen Einblick in das zur Zeit heiß diskutierte Thema Industrie 4.0. Bei dem Zukunftsprojekt Industrie 4.0 geht es um nicht weniger als eine ""vierte industrielle Revolution"", konkret aber um eine verstärkte Informatisierung der klassischen Industrien, zum Beispiel der Produktions- und Automatisierungstechnik.Solch ein weit- und tiefgreifender technologischer Wandel hat auch gesellschaftliche, rechtliche und politische Auswirkungen. Weiterhin bekommt der Aspekt Informationssicherheit eine zentrale Bedeutung durch die verstärkte Einbettung, Verteilung und Vernetzung von (oft autonom agierenden) Rechnersystemen. Im Rahmen der Ringvorlesung werden diese Aspekte von Dozenten aus einem breiten Spektrum an Perspektiven anhand einer Reihe von Beispielen betrachtet, mit besonderem Fokus auf die Perspektive der Industrie als Dreh- und Wendepunkt dieses Unterfangens. Abgeschlossen wird die Ringvorlesung durch eine Podiumsdiskussion mit namhaften Vertretern von Politik, Industrie und Forschung.",Informatik,WiSe 2014/15,<iframe src='https://test-tu-darmstadt.cloud.panopto.eu/Panopto/Pages/Embed.aspx?pid=a3dd0b48-9a79-4ef3-beec-afd700cf472d&v=1&autoplay=false&offerviewer=true&showtitle=true&showbrand=true&captions=false&interactivity=all' height='405' width='720' style='border: 1px solid #464646;' allowfullscreen allow='autoplay'></iframe>,;186;258;259;261;262;263;;;;;;;;;;;;;;;
Theorien der Zeit und der Zeitlichkeit II,"Zeit: ein Thema, an dem sich ""Was-ist-das?""-Fragen entzünden - und dies seit die europäische Wissenskultur überhaupt über schriftliche Überlieferung verfügt, die wir als ""philosophisch"" bezeichnen. „Ist“ Zeit überhaupt? Wie läßt sich Zeit, wie lassen sich Zeitphänomene denken? Die Vorlesung bietet einen historisch-systematischen Überblick über ausgewählte philosophische Zeitkonzepte und diskutiert diese – im Kontrast miteinander und auch im Kontrast zur Modellierung von Zeit in anderen wissenschaftlichen Disziplinen. ",Philosophie,SoSe 2014,<iframe src='https://test-tu-darmstadt.cloud.panopto.eu/Panopto/Pages/Embed.aspx?pid=19c11c28-ef1c-467d-9c97-afd700d1ebcf&v=1&autoplay=false&offerviewer=true&showtitle=true&showbrand=true&captions=false&interactivity=all' height='405' width='720' style='border: 1px solid #464646;' allowfullscreen allow='autoplay'></iframe>,;61;;;;;;;;;;;;;;;;;;;;
"Wind-, Wasser-, Wellenkraft; Optimierung und Skalierung von Fluidsystemen",Angebot an regenerativen Energien Wandlungsprinzipien Investitionskosten pro elektrische Leistung Erntefaktor Wirkungsgrad Wellen und Körper Wind und Windräder.  ,Maschinenbau,WiSe 2013/14,<iframe src='https://test-tu-darmstadt.cloud.panopto.eu/Panopto/Pages/Embed.aspx?pid=096f7de7-0435-43dc-abc8-afd700d41fb9&v=1&autoplay=false&offerviewer=true&showtitle=true&showbrand=true&captions=false&interactivity=all' height='405' width='720' style='border: 1px solid #464646;' allowfullscreen allow='autoplay'></iframe>,;1;;;;;;;;;;;;;;;;;;;;
Allgemeine Informatik I Kurzvideos,Die Kurzvideos sollen unterstützend zur Veranstaltung Allgemeine Informatik I dienen.,Informatik,WiSe 2013/14,<iframe src='https://test-tu-darmstadt.cloud.panopto.eu/Panopto/Pages/Embed.aspx?pid=668514ea-2bff-481c-9b48-afd700d44158&v=1&autoplay=false&offerviewer=true&showtitle=true&showbrand=true&captions=false&interactivity=all' height='405' width='720' style='border: 1px solid #464646;' allowfullscreen allow='autoplay'></iframe>,;106;;;;;;;;;;;;;;;;;;;;
Theorien der Zeit und der Zeitlichkeit I ,"Zeit: ein Thema, an dem sich ""Was-ist-das?""-Fragen entzünden - und dies seit die europäische Wissenskultur überhaupt über schriftliche Überlieferung verfügt, die wir als ""philosophisch"" bezeichnen. „Ist“ Zeit überhaupt? Wie läßt sich Zeit, wie lassen sich Zeitphänomene denken? Die Vorlesung bietet einen historisch-systematischen Überblick über ausgewählte philosophische Zeitkonzepte und diskutiert diese – im Kontrast miteinander und auch im Kontrast zur Modellierung von Zeit in anderen wissenschaftlichen Disziplinen. ",Philosophie,WiSe 2013/14,<iframe src='https://test-tu-darmstadt.cloud.panopto.eu/Panopto/Pages/Embed.aspx?pid=e9cdedad-2d3e-4f15-9611-afd700d657e6&v=1&autoplay=false&offerviewer=true&showtitle=true&showbrand=true&captions=false&interactivity=all' height='405' width='720' style='border: 1px solid #464646;' allowfullscreen allow='autoplay'></iframe>,;61;;;;;;;;;;;;;;;;;;;;
Technik und Kultur,"Philosophische Modellierungen von Technik würdigen seit alters her die „kulturbildende“ Kraft der Technik mit Blick einerseits auf Fortschritte in der Lösung zentraler Probleme menschlicher Existenzsicherung, andererseits auf hierdurch entstehende neue Defizite und Problemlagen, die ihrerseits zu kompensieren sind. Auch in den Kulturphilosophien der Tradition finden wir unterschiedliche Entwürfe zur Beschreibung jener Problematik sowie unterschiedliche Wertideen zur Rechtfertigung eines jeweiligen Umgangs mit Technik.",Philosophie,WiSe 2013/14,<iframe src='https://test-tu-darmstadt.cloud.panopto.eu/Panopto/Pages/Embed.aspx?pid=98926516-c47f-4fb6-814b-afd700d81bb2&v=1&autoplay=false&offerviewer=true&showtitle=true&showbrand=true&captions=false&interactivity=all' height='405' width='720' style='border: 1px solid #464646;' allowfullscreen allow='autoplay'></iframe>,;77;;;;;;;;;;;;;;;;;;;;
HiPerCH-Workshop vom 08. bis 11. April 2013,,Informatik,SoSe 2013,<iframe src='https://test-tu-darmstadt.cloud.panopto.eu/Panopto/Pages/Embed.aspx?pid=6e59b035-7300-4e0f-8dab-afd700d9c267&v=1&autoplay=false&offerviewer=true&showtitle=true&showbrand=true&captions=false&interactivity=all' height='405' width='720' style='border: 1px solid #464646;' allowfullscreen allow='autoplay'></iframe>,;237;;;;;;;;;;;;;;;;;;;;
Strömungslehre - Einführung in die Hydrodynamik,"Die Vorlesung Strömungslehre für die Mechatronik / Einführung in die Hydrodynamik richtet sich an Studierende im Bachelorstudium.Ziel der Vorlesung ist es, grundlegende Kenntnisse der Hydrodynamik (inkompressible Medien) anhand von Beispielen aus der Ingenieurspraxis zu vermitteln. Die notwendigen Herleitungen und theoretischen Grundlagen werden dabei so ausführlich wie nötig und so knapp wie möglich gehalten. Vertieft in Vorrechenübungen und Übungen wird der Hörer in die Lage versetzt, alltägliche Strömungsprobleme zu abstrahieren und mit den gelernten Methoden zu lösen.Beginnend mit der Hydrostatik werden die Themen Massenerhalt, Impulssatz, Drallsatz in integraler Form, Materialgesetze und Bernoulli'sche Gleichung (instation?r und mit Verlusten) hergeleitet und an Beispielen (Schwerpunkt Turbomaschinen) angewendet.",Maschinenbau,SoSe 2013,<iframe src='https://test-tu-darmstadt.cloud.panopto.eu/Panopto/Pages/Embed.aspx?pid=319f4256-4408-464c-8c63-afd700db83fe&v=1&autoplay=false&offerviewer=true&showtitle=true&showbrand=true&captions=false&interactivity=all' height='405' width='720' style='border: 1px solid #464646;' allowfullscreen allow='autoplay'></iframe>,;1;;;;;;;;;;;;;;;;;;;;
Grundlagen der Informatik 2,Einführung in den klassischen Themenkanon im Bereich Algorithmen und Datenstrukturen.,Informatik,SoSe 2013,<iframe src='https://test-tu-darmstadt.cloud.panopto.eu/Panopto/Pages/Embed.aspx?pid=cc69b8dd-7517-4a46-b3f6-afd700dcde13&v=1&autoplay=false&offerviewer=true&showtitle=true&showbrand=true&captions=false&interactivity=all' height='405' width='720' style='border: 1px solid #464646;' allowfullscreen allow='autoplay'></iframe>,;106;;;;;;;;;;;;;;;;;;;;
Internationalisierung und Globalisierung der Arbeitswelt,"Globalisierung ist die Veränderung der Weltwirtschaft, die zu mehr länderübergreifenden Transaktionen führt. Sie ist ein ""Prozess, durch den Märkte und Produktionen in verschiedenen Ländern immer stärker voneinander abhängig werden – dies geschieht durch die Dynamik des Handels mit Gütern und Dienstleistungen und durch die Bewegung von Kapital und Technologie."" (OECD)Durch die Entwicklungen im Warentransport und in den Kommunikationstechnologien werden Arbeitsprozesse zunehmend geteilt und auf verschiedene Kontinente verlagert. Insbesondere die Lohnpreisunterschiede und die mangelnden Anforderungen an Gesundheits- und Umweltschutz führen dazu, dass große Mengen an Waren in Billiglohnländern produziert und dann nach Westeuropa und in die USA importiert werden.Für die Zukunft ist davon auszugehen, dass auch höher qualifizierte Tätigkeiten (Vorreiter ist der IT-Bereich) in Niedriglohnländer wie Indien und China verlagert werden.Der Frage ""Was bedeutet die Internationalisierung und Globalisierung für die Arbeitnehmenden in Deutschland"" soll im Rahmen dieser Ringvorlesung nachgegangen werden.",Arbeitswissenschaften,SoSe 2013,<iframe src='https://test-tu-darmstadt.cloud.panopto.eu/Panopto/Pages/Embed.aspx?pid=19a2bc30-4dd0-4f7b-ad1b-afd700dfe028&v=1&autoplay=false&offerviewer=true&showtitle=true&showbrand=true&captions=false&interactivity=all' height='405' width='720' style='border: 1px solid #464646;' allowfullscreen allow='autoplay'></iframe>,;44;105;;;;;;;;;;;;;;;;;;;
International Symposium on Adaptive Motion of Animals and Machines 2013,"Understanding adaptive motion in humans and animals can help us to improve the adaptive behavior of machines. On the other hand, experiments with technical devices that adapt to a changing environment can shed more light on the basic principles of biological systems. We believe that such a bidirectional approach is essential to incorporate biological ""intelligence"" in machines. The AMAM 2013 encourages researchers from different fields to interact and exchange ideas in this interdisciplinary field. ",Sportwissenschaft,SoSe 2013,<iframe src='https://test-tu-darmstadt.cloud.panopto.eu/Panopto/Pages/Embed.aspx?pid=34ea585b-c523-4d5f-bece-afd700e30d62&v=1&autoplay=false&offerviewer=true&showtitle=true&showbrand=true&captions=false&interactivity=all' height='405' width='720' style='border: 1px solid #464646;' allowfullscreen allow='autoplay'></iframe>,;155;;;;;;;;;;;;;;;;;;;;
Differentialgeometrie,"Kurven: Bogenlänge und Krümmung Flächen: erste Fundamentalform, Gauß-Abbildung, Weingarten-Abbildung Hauptkrümmungen, Gauß- und mittlere Krümmung, Rotationsflächen evtl. innere Geometrie Modellierung: Bernstein-Polynome, Bézierkurven und -flächen de Casteljau-Algorithmus.",Mathematik,WiSe 2012/13,<iframe src='https://test-tu-darmstadt.cloud.panopto.eu/Panopto/Pages/Embed.aspx?pid=fe2e3bbc-c6b0-4cd6-ba15-afd700eb9a51&v=1&autoplay=false&offerviewer=true&showtitle=true&showbrand=true&captions=false&interactivity=all' height='405' width='720' style='border: 1px solid #464646;' allowfullscreen allow='autoplay'></iframe>,;115;;;;;;;;;;;;;;;;;;;;
Mathematik I für Bauwesen,"Reelle Zahlen, Ebene, Vektoren, Skalarprodukt, Vektorprodukt, Komplexe Zahlen, Grundlagen der Differential und Integralrechnung, Taylorreihe, numerische Integration, Berechnung von Flächen, Volumina und Kurven.",Mathematik,WiSe 2012/13,<iframe src='https://test-tu-darmstadt.cloud.panopto.eu/Panopto/Pages/Embed.aspx?pid=0102820c-a66f-4d2c-b7c3-afd700f0600a&v=1&autoplay=false&offerviewer=true&showtitle=true&showbrand=true&captions=false&interactivity=all' height='405' width='720' style='border: 1px solid #464646;' allowfullscreen allow='autoplay'></iframe>,;76;;;;;;;;;;;;;;;;;;;;
Effiziente Graphenalgorithmen,"Auf Basis analytischer Sachverhalte entwickeln wir algorithmische Ideen für Verfahren auf Graphen. Daraus entstehen zunächst generische Verfahren, welche formal bezüglich ihrer Korrektheit und Laufzeit analysiert werden. Im Anschluss daran werden in jedem Kapitel Techniken zur Verbesserung und Beschleunigung vorgestellt. Abgerundet wird der Stoffplan durch zahlreiche Modellierungs- und Anwendungsbeispiele und der (optionalen) Implementierung eines Benchmarks verschiedener algorithmischer Varianten.",Informatik,WiSe 2012/13,<iframe src='https://test-tu-darmstadt.cloud.panopto.eu/Panopto/Pages/Embed.aspx?pid=80d71346-3d7d-490f-abad-afd700f345cc&v=1&autoplay=false&offerviewer=true&showtitle=true&showbrand=true&captions=false&interactivity=all' height='405' width='720' style='border: 1px solid #464646;' allowfullscreen allow='autoplay'></iframe>,;106;;;;;;;;;;;;;;;;;;;;
Management von Unternehmen und Netzwerken,Die kooperative Leistungserstellung geht heutzutage über die arbeitsteilige Wertschöpfung innerhalb des Unternehmens hinaus und erfolgt immer häufiger in unternehmensübergreifenden Netzwerken. Das Management in diesem Netzwerk-Zusammenhang ist Gegenstand der Veranstaltung.,Rechts- und Wirtschaftswissenschaften,WiSe 2012/13,<iframe src='https://test-tu-darmstadt.cloud.panopto.eu/Panopto/Pages/Embed.aspx?pid=5ca6c687-446d-4640-8ed6-afd700f8449d&v=1&autoplay=false&offerviewer=true&showtitle=true&showbrand=true&captions=false&interactivity=all' height='405' width='720' style='border: 1px solid #464646;' allowfullscreen allow='autoplay'></iframe>,;114;;;;;;;;;;;;;;;;;;;;
Optimierungsalgorithmen,"Auf Basis analytischer Sachverhalte entwickeln wir algorithmische Ideen für Verfahren auf Graphen. Daraus entstehen zunächst generische Verfahren, welche formal bezüglich ihrer Korrektheit und Laufzeit analysiert werden. Im Anschluss daran werden in jedem Kapitel Techniken zur Verbesserung und Beschleunigung vorgestellt. Abgerundet wird der Stoffplan durch zahlreiche Modellierungs- und Anwendungsbeispiele und der (optionalen) Implementierung eines Benchmarks verschiedener algorithmischer Varianten.",Informatik,WiSe 2012/13,<iframe src='https://test-tu-darmstadt.cloud.panopto.eu/Panopto/Pages/Embed.aspx?pid=bca2d5ac-d30c-42a7-b48a-afd700fa48a3&v=1&autoplay=false&offerviewer=true&showtitle=true&showbrand=true&captions=false&interactivity=all' height='405' width='720' style='border: 1px solid #464646;' allowfullscreen allow='autoplay'></iframe>,;106;;;;;;;;;;;;;;;;;;;;
Biofluidmechanik,"In der Vorlesung „Biofluidmechanik“ werden Ingenieurmethoden auf biologische Systeme angewendet, um diese zu verstehen. Hierbei wird der Schwerpunkt auf Strömungsmechanik und Dimensionsanalyse gesetzt. Die Studenten werden außerdem sehr häufig mit wissenschaftlichen Texten arbeiten. Folgende Themen werden behandelt: Biologische Antriebssysteme, Fortbewegung von Einzellern, Fortbewegung von aalartigen Fischen, das Schwimmen von Fischen, Peristaltik – Nachgiebige Rohre, Kreislaufsystem, Rheologie des Blutes, Binghammaterialien, Atmungssystem, Kleiber-Gesetz, Netzwerktheorie, Elektroosmose, Elektrophorese sowie Dimensionsanalyse.",Maschinenbau,WiSe 2012/13,<iframe src='https://test-tu-darmstadt.cloud.panopto.eu/Panopto/Pages/Embed.aspx?pid=4e416e50-b413-4035-9eef-afd700fcbf6f&v=1&autoplay=false&offerviewer=true&showtitle=true&showbrand=true&captions=false&interactivity=all' height='405' width='720' style='border: 1px solid #464646;' allowfullscreen allow='autoplay'></iframe>,;1;;;;;;;;;;;;;;;;;;;;
Rousseau und Rousseau-Kritik,"Aus Anlass des 300. Geburtstags von Jean-Jacques Rousseau (1712 ñ 1778) ist die diesjährige Ringvorlesung der Darmstädter Philosophie dem Werk dieses schillernden Philosophen gewidmet. Die Vorträge unter denen es wie üblich auch wieder viele Gastvorträge geben wird und beleuchten die verschiedenen Facetten seines Werks (u.a. politische Philosophie, Literatur und Sprache, Pädagogik) und seiner Aktualität ebenso wie Bezüge zu anderen Philosophen (Mendelssohn, Kant) sowie Aspekte der Rezeptionsgeschichte.",Philosophie,WiSe 2012/13,<iframe src='https://test-tu-darmstadt.cloud.panopto.eu/Panopto/Pages/Embed.aspx?pid=124ab359-fde5-4147-be40-afd700fe96ee&v=1&autoplay=false&offerviewer=true&showtitle=true&showbrand=true&captions=false&interactivity=all' height='405' width='720' style='border: 1px solid #464646;' allowfullscreen allow='autoplay'></iframe>,;40;61;81;95;;;;;;;;;;;;;;;;;
Entgrenzung der Arbeit: Zeitdiagnosen und Zukunftsperspektiven,"Die Arbeitsanforderungen ändern sich permanent: Bei zunehmender Flexibilisierung, der Forderung nach ständiger Erreichbarkeit und wachsendem Leistungsanspruch kommt es nicht von ungefähr, dass die Zahl der psychischen Erkrankungen und Burnout-Fälle rasant steigt. In der interdisziplinären Ringvorlesung formulieren wechselnde Referierende in einem wöchentlichen Rhythmus Antworten auf aktuelle Fragen rund um die Themen: Entgrenzung und Vereinbarkeit.",Arbeitswissenschaften,WiSe 2012/13,<iframe src='https://test-tu-darmstadt.cloud.panopto.eu/Panopto/Pages/Embed.aspx?pid=e78d12be-6b10-4eea-8b32-afd701015fd9&v=1&autoplay=false&offerviewer=true&showtitle=true&showbrand=true&captions=false&interactivity=all' height='405' width='720' style='border: 1px solid #464646;' allowfullscreen allow='autoplay'></iframe>,;44;105;;;;;;;;;;;;;;;;;;;
Fortschritt,"Im Streit um die Bewertung der aufklärerischen Moderne und ihre mögliche Ablösung durch eine Postmoderne werden tragende Ideen wissenschaftlichen, technischen und sozialen Fortschritts in Frage gestellt. Im Blick auf diese Problemlage werden in der Vorlesung geschichtsphilosophische Konzepte von Fortschritt als Emanzipation, Reflexion, Rationalisierung, Genealogie und Evolution diskutiert und mit entsprechenden Varianten der Fortschrittskritik konfrontiert. Sie werden sodann fokussiert auf die Bereiche Wissen(schafts-)entwicklung, Technikentwicklung und Entwicklung der Gesellschaft.",Philosophie,WiSe 2012/13,<iframe src='https://test-tu-darmstadt.cloud.panopto.eu/Panopto/Pages/Embed.aspx?pid=49f62f02-bed1-4c9f-a48b-afd701032c92&v=1&autoplay=false&offerviewer=true&showtitle=true&showbrand=true&captions=false&interactivity=all' height='405' width='720' style='border: 1px solid #464646;' allowfullscreen allow='autoplay'></iframe>,;77;;;;;;;;;;;;;;;;;;;;
Zukunft der Arbeit/Zukunft der Arbeitswelt,"Im Zeitalter von Globalisierung und Europäisierung sowie der stetig voranschreitenden Technisierung befinden sich die Arbeitswelt und der Aspekt der Beschäftigung in einem permanenten Prozess des Wandels. Die Tätigkeitsprofile der arbeitenden Bevölkerung unterliegen raschen Veränderungsprozessen ebenso wie die Produktionsbedingungen. Themen wie Nachhaltigkeit, Work-Life-Balance oder Diversity-Management finden verstärkt Eingang in den öffentlichen Diskurs, der sich mit Transformationsprozessen in der Arbeitswelt beschäftigt. In der interdisziplinären Ringvorlesung versuchen daher wechselnde Referenten Antworten auf aktuelle Fragen rund um das Thema „Zukunft der Arbeit – Zukunft der Arbeitswelt“ zu finden.",Arbeitswissenschaften,SoSe 2012,<iframe src='https://test-tu-darmstadt.cloud.panopto.eu/Panopto/Pages/Embed.aspx?pid=8b593f42-4c38-42ba-962c-afd701044b62&v=1&autoplay=false&offerviewer=true&showtitle=true&showbrand=true&captions=false&interactivity=all' height='405' width='720' style='border: 1px solid #464646;' allowfullscreen allow='autoplay'></iframe>,;44;105;;;;;;;;;;;;;;;;;;;
Lehrfilme im Rahmen des Mentorensystems der Informatik (Version 1),Lehrfilme im Rahmen des Mentorensystems der Informatik (Version 1),Informatik,SoSe 2012,<iframe src='https://test-tu-darmstadt.cloud.panopto.eu/Panopto/Pages/Embed.aspx?pid=a4a37dea-2f8e-4232-ae84-afd701049cc6&v=1&autoplay=false&offerviewer=true&showtitle=true&showbrand=true&captions=false&interactivity=all' height='405' width='720' style='border: 1px solid #464646;' allowfullscreen allow='autoplay'></iframe>,;113;;;;;;;;;;;;;;;;;;;;
sim - structures in motion: Vom Anschauungsmodell zum        Verständnis der Tragwerkslehre,"In den folgenden Kurzfilmen vom Fachgebiet        Tragwerksentwicklung werden die Zusammenhänge der Statik, als        der Lehre von den im Gleichgewicht stehenden Kräften und ihren        Wirkungen (Verformungen), mit den Anschauungsmodellen nach Prof.        em. Dr.-Ing. Walther Mann verständlich gemacht. Die Modelle sind        dabei besonders wirksam, da Verformungen als Resultat der        Kraftwirkung für das Auge wahrnehmbar werden und wegen der        Einfachheit der Modelle so helfen theoretische Zusammenhänge zu        begreifen. Der Bezug zu theoretischen Hintergründen wird zudem        durch Erläuterungen und ergänzende Animationen hergestellt. Die        Kurzfilme sollen mittels moderner, digitaler Medien die Neugier        der mehr auf das Anschauliche gerichteten Architekturstudenten,        für das mit Mathematik behaftete Lehrgebiet wecken.",Architektur,SoSe 2011,<iframe src='https://test-tu-darmstadt.cloud.panopto.eu/Panopto/Pages/Embed.aspx?pid=0e86f7c2-02ee-43a2-871d-afd70105d159&v=1&autoplay=false&offerviewer=true&showtitle=true&showbrand=true&captions=false&interactivity=all' height='405' width='720' style='border: 1px solid #464646;' allowfullscreen allow='autoplay'></iframe>,;56;;;;;;;;;;;;;;;;;;;;
Strömungslehre für die Mechatronik,"Inhalte: Fluideigenschaften, Hydrostatik,        Volumenkräfte, Druckkräfte auf Wände, Bernoulli-Gleichung in        ruhenden und rotierenden Systemen, Impulssatz, Strömung an        Tragflügeln und Gittern, Strömung viskoser Fluide in Spalten und        Rohren, Grenzschichten",Maschinenbau,SoSe 2011,<iframe src='https://test-tu-darmstadt.cloud.panopto.eu/Panopto/Pages/Embed.aspx?pid=d3b151ea-9a29-4d7d-912e-afd70106198d&v=1&autoplay=false&offerviewer=true&showtitle=true&showbrand=true&captions=false&interactivity=all' height='405' width='720' style='border: 1px solid #464646;' allowfullscreen allow='autoplay'></iframe>,;1;;;;;;;;;;;;;;;;;;;;
Mathematik II für Informatik und Wirtschaftsinformatik,"Die Vorlesung behandelt in der ersten Haelfte aus der        Analysis die Themenbereiche Stetigkeit und Differentialrechnung        in einer und mehreren Variablen, sowie Integralrechnung in einer        Variablen. Weitere Themen sind die Fouriertransformation,        gewoehnliche Differentialgleichungen und ein bisschen Allgemeine Algebra.",Mathematik,SoSe 2011,<iframe src='https://test-tu-darmstadt.cloud.panopto.eu/Panopto/Pages/Embed.aspx?pid=0ef71c0e-a621-488a-a557-afd7010a917f&v=1&autoplay=false&offerviewer=true&showtitle=true&showbrand=true&captions=false&interactivity=all' height='405' width='720' style='border: 1px solid #464646;' allowfullscreen allow='autoplay'></iframe>,;76;;;;;;;;;;;;;;;;;;;;
Nichtparametrische Regressionsschätzung,"Die Vorlesung stellt eine mathematische Theorie der        nichtparametrischen Regression mit zufälligem Design vor.        Schwerpunkt sind dabei Aussagen, die unter möglichst wenigen        Voraussetzungen gelten.",Mathematik,SoSe 2011,<iframe src='https://test-tu-darmstadt.cloud.panopto.eu/Panopto/Pages/Embed.aspx?pid=35dc07de-7772-4f35-a166-afd7011217fa&v=1&autoplay=false&offerviewer=true&showtitle=true&showbrand=true&captions=false&interactivity=all' height='405' width='720' style='border: 1px solid #464646;' allowfullscreen allow='autoplay'></iframe>,;21;;;;;;;;;;;;;;;;;;;;
Naturwissenschaften II,"Naturwissenschaften II für Maschinenbauer ist eine        Pflichtveranstaltung für Maschinenbaustudierende im 2.        Fachsemester. Die Veranstaltung besteht aus einer zweistündigen        Vorlesung mit begleitender einstündiger Übung. Der Inhalt der        Veranstaltung umfasst die Themenbereiche Elektromagnetische        Felder, Elektromagnetische Wellen, Lichtstrahlung und Optik        sowie Quanten und Strahlung.",Physik,SoSe 2011,<iframe src='https://test-tu-darmstadt.cloud.panopto.eu/Panopto/Pages/Embed.aspx?pid=d0358736-186c-4e8e-b8f6-afd701133eb8&v=1&autoplay=false&offerviewer=true&showtitle=true&showbrand=true&captions=false&interactivity=all' height='405' width='720' style='border: 1px solid #464646;' allowfullscreen allow='autoplay'></iframe>,;35;;;;;;;;;;;;;;;;;;;;
Einführung in die Stochastik,"Die Vorlesung „Einführung in die Stochastik“ beinhaltet        eine systematische Einführung in die Mathematik des Zufalls für        Hörer ohne Vorkenntnisse in diesem Bereich. Sie orientiert sich        an dem Buch „J. Eckle-Kohler, M. Kohler: Eine Einführung in die        Statistik und ihre Anwendungen. Springer, 2009“ und gehört zu        den Pflichtveranstaltungen für Studierende des Faches Mathematik        im vierten Semester.",Mathematik,SoSe 2011,<iframe src='https://test-tu-darmstadt.cloud.panopto.eu/Panopto/Pages/Embed.aspx?pid=bb3eeb42-b3a1-473f-b379-afd701290827&v=1&autoplay=false&offerviewer=true&showtitle=true&showbrand=true&captions=false&interactivity=all' height='405' width='720' style='border: 1px solid #464646;' allowfullscreen allow='autoplay'></iframe>,;21;;;;;;;;;;;;;;;;;;;;
"Wind-, Wasser- und Wellenkraft – Optimierung und Skalierung von Fluidkraftsystemen",Vorlesungsinhalte: Angebot an regenerativen Energien Wandlungsprinzipien Investitionskosten pro elektrische Leistung Erntefaktor Wirkungsgrad Wellen und Körper Wind und Windräder,Maschinenbau,WiSe 2011/12,<iframe src='https://test-tu-darmstadt.cloud.panopto.eu/Panopto/Pages/Embed.aspx?pid=e6b228c2-ec4d-4965-b674-afd7012b21d9&v=1&autoplay=false&offerviewer=true&showtitle=true&showbrand=true&captions=false&interactivity=all' height='405' width='720' style='border: 1px solid #464646;' allowfullscreen allow='autoplay'></iframe>,;1;;;;;;;;;;;;;;;;;;;;
Free Your Lecture! Mit digitalen Medien Freiräume in der Lehre schaffen,"Beim ergänzenden Einsatz digitaler Medien in der Hochschullehre wird häufig der Ansatz verfolgt, den Präsenzanteil einer Veranstaltung unverändert zu lassen und parallel dazu ergänzende Angebote z. B. in einer Online-Lernplattform oder ähnlich bereit zu stellen. Das ist eine der grundlegenden Möglichkeiten von E-Learning in der Präsenzlehre. Das Potenzial der Kombination von Präsenzlehre und Online-Lehre (“Blended Learning”) entfaltet sich jedoch erst dann, wenn beide Anteile so aufeinander abgestimmt sind, dass sie sich wechselseitig ergänzen oder auch entlasten können. Das setzt die Bereitschaft voraus, den Sinn und die selbstverständlichen Abläufe gängiger Veranstaltungsformate in der Präsenzlehre der verschiedenen Fächer zu hinterfragen und gegebenenfalls andere Formen zu suchen, um Studierende zu aktivieren und beim Erlernen der Inhalte zu unterstützen. Auf dem Fachforum “Free Your Lecture! Mit digitalen Medien Freiräume in der Lehre schaffen.” am 18. Januar 2012 wurden Veranstaltungskonzepte vorgestellt und diskutiert, bei denen Präsenz- und Online-Anteile so miteinander verzahnt und aufeinander abgestimmt sind, dass Freiräume in der Präsenzlehre entstehen, in denen anstelle lehrzentrierter, monologischer Vermittlungsformen stärker lernorientierte, kooperative Lernformen möglich sind.",E-Learning,WiSe 2011/12,<iframe src='https://test-tu-darmstadt.cloud.panopto.eu/Panopto/Pages/Embed.aspx?pid=d008abf4-5d80-442a-9c57-afd7012b732c&v=1&autoplay=false&offerviewer=true&showtitle=true&showbrand=true&captions=false&interactivity=all' height='405' width='720' style='border: 1px solid #464646;' allowfullscreen allow='autoplay'></iframe>,;99;101;103;;;;;;;;;;;;;;;;;;
Mathematik I für Informatik und Wirtschaftsinformatik,"Die Vorlesung bildet die erste Hälfte eines zweisemestrigen Zyklus, der das mathematische Rüstzeug für die Studiengänge Informatik und Wirtschaftsinformatik bereitstellt.",Mathematik,WiSe 2011/12,<iframe src='https://test-tu-darmstadt.cloud.panopto.eu/Panopto/Pages/Embed.aspx?pid=0ad4de60-84c8-4361-bb55-afd7012d7684&v=1&autoplay=false&offerviewer=true&showtitle=true&showbrand=true&captions=false&interactivity=all' height='405' width='720' style='border: 1px solid #464646;' allowfullscreen allow='autoplay'></iframe>,;76;;;;;;;;;;;;;;;;;;;;
Introduction Computer Science I,"The lecture presents important basic principles of computer science, including concepts of programming languages, elementary algorithms, types of abstract data, simple data structures (stacks, lists, trees), recursion, and algorithm efficiency analysis. Students will be encouraged to think in formal systems and to accept the necessity of abstraction and the importance of appropriate model formations in computer science. As teaching language we will use Scheme in the first part of the term while Java will be used in the second part of the term.",Informatik,WiSe 2011/12,<iframe src='https://test-tu-darmstadt.cloud.panopto.eu/Panopto/Pages/Embed.aspx?pid=d4910160-6519-4f24-a891-afd7012f22dc&v=1&autoplay=false&offerviewer=true&showtitle=true&showbrand=true&captions=false&interactivity=all' height='405' width='720' style='border: 1px solid #464646;' allowfullscreen allow='autoplay'></iframe>,;8;87;;;;;;;;;;;;;;;;;;;
Textformen der Philosophie,,Philosophie,WiSe 2011/12,<iframe src='https://test-tu-darmstadt.cloud.panopto.eu/Panopto/Pages/Embed.aspx?pid=34a186d5-2f34-41c8-b0bf-afd701311615&v=1&autoplay=false&offerviewer=true&showtitle=true&showbrand=true&captions=false&interactivity=all' height='405' width='720' style='border: 1px solid #464646;' allowfullscreen allow='autoplay'></iframe>,;61;;;;;;;;;;;;;;;;;;;;
Wissensgesellschaften und offene Bildungsresourcen,"Die E-Learning-Vortragsreihe        ""Wissensgesellschaften und offene Bildungsressourcen""        behandelt in ihren Vorträgen den Umgang mit Offenheit im        Bildungsbereich. Wie wird mit offenen Bildungsmaterialien        umgegangen? Welche offenen Bildungsinitiativen gibt es?",E-Learning,WiSe 2008/09,<iframe src='https://test-tu-darmstadt.cloud.panopto.eu/Panopto/Pages/Embed.aspx?pid=19dfac10-1385-4209-9197-afd701343c7c&v=1&autoplay=false&offerviewer=true&showtitle=true&showbrand=true&captions=false&interactivity=all' height='405' width='720' style='border: 1px solid #464646;' allowfullscreen allow='autoplay'></iframe>,;33;;;;;;;;;;;;;;;;;;;;
