"Workshop ""Einstieg in die Literaturrecherche mit TUfind""","Gut recherchiert ist halb geschrieben. Für Ihr Studium ist das Recherchieren und Beschaffen von Fachliteratur von zentraler Bedeutung. Sie begründen Ihre Hypothesen, Argumente, Ergebnisse u. Ä. mithilfe der Ihnen vorliegenden Literatur.Wie finden Sie die passende Literatur für Ihre wissenschaftliche Arbeit?Mit welchen Recherchetricks können Sie suchen?Wie können Sie auf gedruckte Literatur oder elektronische Volltexte zugreifen?Wie beschaffen Sie Literatur, die nicht in der ULB vorhanden ist?Antworten auf diese Fragen erhalten Sie im Workshop.",;284;;;;;;;;;;,Universitätsbibliothek,WiSe 2022/23,;https://olw-material.hrz.tu-darmstadt.de/olw-konv-repository/material/65/24/7c/80/95/25/11/ea/b2/de/00/50/56/bd/73/ad;https://olw-material.hrz.tu-darmstadt.de/olw-konv-repository/material/25/59/9d/60/95/25/11/ea/b5/b0/00/50/56/bd/73/ad;https://olw-material.hrz.tu-darmstadt.de/olw-konv-repository/material/ca/3d/57/40/4e/19/11/ed/97/e0/00/50/56/bd/73/ad;
"Workshop ""Einstieg in wissenschaftliches Zitieren""","Egal, ob Haus- oder Abschlussarbeit – immer wieder müssen Sie für Ihr Studium aus Fachtexten zitieren. Wie Guttenberg & Co. gezeigt haben, ist der Grat zwischen korrektem Zitat und Plagiat schmal.    Warum muss man zitieren?    Was muss man zitieren?    Welche Arten von Zitaten und welche Zitiersysteme gibt es?    Was ist beim korrekten Zitieren zu beachten?    Welche Tools können beim Zitieren helfen?Antworten auf diese Fragen erhalten Sie in diesem Workshop. Ihre neuen Kenntnisse können Sie direkt an praxisnahen Beispielen anwenden und somit zukünftig ungewollte Plagiate vermeiden.",;284;;;;;;;;;;,Universitätsbibliothek,SoSe 2022,;https://olw-material.hrz.tu-darmstadt.de/olw-konv-repository/material/75/f5/88/00/59/19/11/e8/90/1d/00/50/56/bd/73/ad;https://olw-material.hrz.tu-darmstadt.de/olw-konv-repository/material/ed/33/b2/00/95/28/11/ea/b0/89/00/50/56/bd/73/ad;https://olw-material.hrz.tu-darmstadt.de/olw-konv-repository/material/fb/2a/fb/70/95/28/11/ea/90/4f/00/50/56/bd/73/ad;
"Workshop ""Einstieg in die Literaturverwaltung mit Zotero""","Veranstaltung für Teilnehmer/innen ohne Zotero-Vorkenntnisse.Anhand von praktischen Übungen werden die Grundfunktionen des Programms erläutert:    Möglichkeiten zum Datenimport bei der Literaturrecherche    Verwaltung der Quellen im Programm    Zitation im SchreibprogrammDownloadlink: https://www.zotero.org/download/. Grundsätzlich ist Zotero kostenlos und plattformunabhängig (Windows, Mac OS, Linux) nutzbar. Für die Nutzung in Word oder LibreOffice installieren Sie bitte auch das entsprechende Plugin, verfügbar unter https://www.zotero.org/support/word_processor_plugin_installation",;284;;;;;;;;;;,Universitätsbibliothek,WiSe 2022/23,;https://olw-material.hrz.tu-darmstadt.de/olw-konv-repository/material/8a/a2/1b/80/95/0b/11/ea/ba/5f/00/50/56/bd/73/ae;https://olw-material.hrz.tu-darmstadt.de/olw-konv-repository/material/50/98/73/e0/53/9e/11/ed/8f/17/00/50/56/bd/73/ae;https://olw-material.hrz.tu-darmstadt.de/olw-konv-repository/material/38/d6/65/d0/97/0c/11/ed/b8/a3/00/50/56/bd/73/ae;
"Workshop ""Einstieg in wissenschaftliches Arbeiten mit Word""","In diesem 90-minütigen Workshop werden die Grundlagen der Textverarbeitung mit Microsoft Word im Einklang mit dem Corporate Design der TU Darmstadt erarbeitet. Es erfolgt ein umfangreicher Überblick über alle, zum Verfassen einer einfachen wissenschaftlichen Arbeit relevanten, Grundfunktionen, sowie eine Einführung in ausgewählte weiterführende Themen.Am Ende des Workshops sind Sie in der Lage, selbstständig mit den Arbeiten an Ihrer Thesis, Hausarbeit o.ä. mit dem Corporate Design der TU zu beginnen.",;284;;;;;;;;;;,Universitätsbibliothek,SoSe 2022,;https://olw-material.hrz.tu-darmstadt.de/olw-konv-repository/material/eb/0f/e7/30/84/8b/11/ea/b1/53/00/50/56/bd/73/ae;https://olw-material.hrz.tu-darmstadt.de/olw-konv-repository/material/07/87/85/10/a0/b8/11/ea/80/6c/00/50/56/bd/73/ad;https://olw-material.hrz.tu-darmstadt.de/olw-konv-repository/material/3e/44/1f/a0/a0/b8/11/ea/93/6e/00/50/56/bd/73/ad;
"Workshop ""Einstieg in wissenschaftliches Arbeiten mit LaTeX""","Veranstaltung für TeilnehmerInnen ohne LaTeX-Vorkenntnisse. In diesem 120-minütigen Workshop werden die Grundlagen der Textverarbeitung mit LaTeX und dem Corporate Design der TU Darmstadt erarbeitet. Ausgerichtet auf MikTex 2.9 und TeXstudio erfolgt ein umfangreicher Überblick über alle, zum Verfassen einer einfachen wissenschaftlichen Arbeit relevanten, Grundfunktionen. Am Ende des Workshops sind Sie in der Lage, selbstständig mit den Arbeiten an Ihrer Thesis, Hausarbeit o.ä. mit dem CD der TU zu beginnen",;284;;;;;;;;;;,Universitätsbibliothek,SoSe 2019,;https://olw-material.hrz.tu-darmstadt.de/olw-konv-repository/material/17/fd/af/50/c0/c2/11/e8/be/bd/00/50/56/bd/73/ad;https://olw-material.hrz.tu-darmstadt.de/olw-konv-repository/material/2a/0b/00/e0/8a/37/11/ea/90/25/00/50/56/bd/73/ae;https://olw-material.hrz.tu-darmstadt.de/olw-konv-repository/material/60/87/85/30/8a/37/11/ea/bd/81/00/50/56/bd/73/ae;https://olw-material.hrz.tu-darmstadt.de/olw-konv-repository/material/7b/2c/f6/40/8a/37/11/ea/9c/f9/00/50/56/bd/73/ae;https://olw-material.hrz.tu-darmstadt.de/olw-konv-repository/material/7b/a5/f4/70/3c/95/11/ec/b8/a7/00/50/56/bd/73/ae;https://olw-material.hrz.tu-darmstadt.de/olw-konv-repository/material/0f/dd/0d/a0/b0/e4/11/ec/91/c7/00/50/56/bd/73/ad;https://olw-material.hrz.tu-darmstadt.de/olw-konv-repository/material/70/ae/83/c0/b0/e4/11/ec/99/ff/00/50/56/bd/73/ad;https://olw-material.hrz.tu-darmstadt.de/olw-konv-repository/material/7c/2c/8f/d0/b0/e4/11/ec/91/84/00/50/56/bd/73/ad;https://olw-material.hrz.tu-darmstadt.de/olw-konv-repository/material/a3/e6/64/60/b0/e4/11/ec/b5/52/00/50/56/bd/73/ad;https://olw-material.hrz.tu-darmstadt.de/olw-konv-repository/material/b3/af/60/90/b0/e4/11/ec/a7/95/00/50/56/bd/73/ad;
"Workshop ""Fortgeschrittene Literaturrecherche mit Datenbanken""","Für Ihr Studium ist das Recherchieren und Beschaffen von Fachliteratur von zentraler Bedeutung. Aber welche Rechercheinstrumente gibt es für die thematische Recherche? Wie recherchieren Sie nach passender Literatur, die zudem zitierwürdig ist? Wie bewerten Sie Treffer? Wie können Sie auf gedruckte Literatur oder elektronische Volltexte zugreifen? Wie beschaffen Sie Literatur, die nicht in der ULB vorhanden ist? Wie können Sie relevante Treffer weiterverarbeiten?Antworten auf diese Fragen erhalten Sie im Workshop und können Ihre neuen Kenntnisse direkt an praxisnahen Beispielen anwenden.",;284;;;;;;;;;;,Universitätsbibliothek,SoSe 2022,;https://olw-material.hrz.tu-darmstadt.de/olw-konv-repository/material/0a/c7/00/80/69/c1/11/ea/a4/02/00/50/56/bd/73/ae;https://olw-material.hrz.tu-darmstadt.de/olw-konv-repository/material/2e/a8/24/70/95/13/11/ea/87/34/00/50/56/bd/73/ad;https://olw-material.hrz.tu-darmstadt.de/olw-konv-repository/material/9d/6a/7b/60/95/13/11/ea/99/4b/00/50/56/bd/73/ad;
"Workshop ""Einstieg in die Literaturverwaltung mit Citavi""",Veranstaltung für Teilnehmer/innen ohne Citavi-Vorkenntnisse.Anhand von praktischen Übungen werden die Grundfunktionen des Programms erläutert:    Möglichkeiten zum Datenimport bei der Literaturrecherche    Verwaltung der Quellen im Programm    Zitation im SchreibprogrammCItavi können Sie als Angehörige/r der TU Darmstadt mit einer Kampuslizenz beziehen:https://www.ulb.tu-darmstadt.de/service/literaturverwaltung_start/citavi_ulb/citavi_ulb.de.jsp#textoptmbild,;284;;;;;;;;;;,Universitätsbibliothek,WiSe 2022/23,;https://olw-material.hrz.tu-darmstadt.de/olw-konv-repository/material/a3/c7/75/c0/fa/4b/11/e9/aa/d2/00/50/56/bd/73/ae;https://olw-material.hrz.tu-darmstadt.de/olw-konv-repository/material/33/6d/84/a0/95/27/11/ea/83/fe/00/50/56/bd/73/ad;
Einstieg in das Forschungsdatenmanagement / Introduction to research data management,"In Ihrer Forschung entsteht eine Vielzahl digitaler Daten und ggf. auch Software. Zudem nutzen Sie vielleicht Daten und Software aus vorherigen Projekten nach. Dabei stellen sich eine Menge Fragen zu Forschungsdatenmanagement, z.B.:    Was regeln die „Leitlinien zum Umgang mit digitalen Forschungsdaten an der TU Darmstadt“?    Wo speichere ich meine Daten sicher und geschützt?    Wie behalte ich den Überblick über meine Daten?    Versteht jemand anderes meine Daten überhaupt?    Wem gehören Forschungsdaten eigentlich und wer darf sie nutzen?",;284;;;;;;;;;;,Universitätsbibliothek,WiSe 2022/23,;https://olw-material.hrz.tu-darmstadt.de/olw-konv-repository/material/54/15/ac/50/c4/b3/11/ed/9f/68/00/50/56/bd/73/ae;https://olw-material.hrz.tu-darmstadt.de/olw-konv-repository/material/88/43/fa/e0/c4/b3/11/ed/ad/6c/00/50/56/bd/73/ae;
"Bibliometrie / Altmetrics - Impact Factor, h-Index = Qualität? / Bibliometrics / Altmetrics – Impact factor, H-index = Quality?","Die Bibliometrie beschäftigt sich mit der quantitativen Analyse von wissenschaftlichen Publikationen mit Hilfe von statistischen Verfahren. Anwendungsbereiche sind neben der Forschungsevaluation (z.B. Rankings) auch die Unterstützung bei Recherchen (z.B. Identifizierung von Forschungstrends). Die Altmetrik erfasst Nutzungskennzahlen von elektronischen Publikationen, wie z.B. Downloads, Views, die Erwähnung in sozialen Netzwerken, etc.    Was genau ist Bibliometrie?    Welche Kennzahlen gibt es und wie werden diese berechnet?    Wo finde ich die Kennzahlen?    Welche Anwendungsgebiete gibt",;284;;;;;;;;;;,Universitätsbibliothek,WiSe 2022/23,;https://olw-material.hrz.tu-darmstadt.de/olw-konv-repository/material/27/1c/12/40/c4/b1/11/ed/8d/12/00/50/56/bd/73/ad;https://olw-material.hrz.tu-darmstadt.de/olw-konv-repository/material/ce/cb/9f/60/c4/b1/11/ed/8d/e3/00/50/56/bd/73/ad;
Wer hat was wie wann erschaffen und was darf ich dann damit tun? - Grundlagen Urheberrecht,"Spricht man vom Urheberrecht, denken viele Menschen sofort an Plagiate, Raubkopien, horrende Strafen und das Gefühl, sich auf einem rechtlichen Minenfeld zu bewegen. Doch das muss nicht sein! Ziel des Workshops ist es, einen Einstieg in dieses Thema zu bekommen, zu sehen, was aus welchem Grund erlaubt ist oder warum gerade nicht.    Wie ist das Urheberrecht gestaltet und wie hat es sich entwickelt?    Welche Schrankenregelungen unterstützen das wissenschaftliche Arbeiten?    Was muss ich in Bezug auf Bildrechte beachten?    Was sind Creative Commons-Lizenzen und welche gibt es?    etc..",;284;;;;;;;;;;,Universitätsbibliothek,WiSe 2022/23,;https://olw-material.hrz.tu-darmstadt.de/olw-konv-repository/material/ed/8b/eb/b0/c4/b8/11/ed/bc/4e/00/50/56/bd/73/ae;
Literaturverwaltung mit Citavi für Forschende / Reference management with Citavi for scientists,Veranstaltung für Teilnehmende ohne Citavi-Vorkenntnisse.Das Verwalten von Quellen und Zitaten für die wissenschaftliche Arbeit erfordert viel Aufmerksamkeit und Sorgfalt. Programme zur Literaturverwaltung können hier helfen. In diesem Workshop erlernen Sie den Umgang mit dem Programm Citavi.    Wie recherchiere ich Literatur in Literaturverwaltungsprogrammen?    Wie importiere ich Titeldaten und Dokumente?    Wie strukturiere ich Literatur anhand einer Gliederung?    Wie erstelle ich Wissenselemente wie z.B. Bildzitate aus PDFs?    etc..,;284;;;;;;;;;;,Universitätsbibliothek,WiSe 2022/23,;https://olw-material.hrz.tu-darmstadt.de/olw-konv-repository/material/91/b0/c8/40/c4/b5/11/ed/98/89/00/50/56/bd/73/ae;https://olw-material.hrz.tu-darmstadt.de/olw-konv-repository/material/3d/c3/a8/20/c4/b9/11/ed/85/b8/00/50/56/bd/73/ae;https://olw-material.hrz.tu-darmstadt.de/olw-konv-repository/material/4e/39/fb/50/c4/b9/11/ed/bd/13/00/50/56/bd/73/ae;
Literaturrecherche für Forschende / Literature research für scientists,"In diesem Workshop lernen Forschende Werkzeuge kennen, um thematische Literatur zu Ihrem Forschungsschwerpunkt zu finden.    Wie kann ich einen Recherchestrategieplan erstellen?    Wie wähle ich das passende Rechercheinstrument für meine Suchanfrage aus?    Wie halte mich über Neuerscheinungen in meinem Forschungsgebiet auf dem Laufenden?    Wie kann ich meine Treffer bewerten?    Wie verwalte ich die gefundene Literatur?Antworten auf diese Fragen erhalten Sie im Workshop und können Ihre neuen Kenntnisse direkt an praxisnahen Beispielen anwenden.",;284;;;;;;;;;;,Universitätsbibliothek,WiSe 2022/23,;https://olw-material.hrz.tu-darmstadt.de/olw-konv-repository/material/74/64/e4/c0/c4/b4/11/ed/88/1f/00/50/56/bd/73/ae;https://olw-material.hrz.tu-darmstadt.de/olw-konv-repository/material/97/99/a6/60/c4/b4/11/ed/a8/13/00/50/56/bd/73/ae;https://olw-material.hrz.tu-darmstadt.de/olw-konv-repository/material/ba/60/e6/e0/c4/b9/11/ed/a5/78/00/50/56/bd/73/ae;https://olw-material.hrz.tu-darmstadt.de/olw-konv-repository/material/e7/08/7b/40/c4/b9/11/ed/97/30/00/50/56/bd/73/ae;
Crash Course: Deep Learning,,;391;;;;;;;;;;,E-Learning,SoSe 2022,;https://olw-material.hrz.tu-darmstadt.de/olw-konv-repository/material/20/56/84/c0/01/db/11/ed/88/c8/00/50/56/bd/73/ad;
Technische Mechanik - Spannung,,;391;;;;;;;;;;,E-Learning,WiSe 2021/22,;https://olw-material.hrz.tu-darmstadt.de/olw-konv-repository/material/09/0b/13/20/01/e6/11/ed/87/d4/00/50/56/bd/73/ae;https://olw-material.hrz.tu-darmstadt.de/olw-konv-repository/material/34/9c/07/60/01/e6/11/ed/8e/19/00/50/56/bd/73/ae;https://olw-material.hrz.tu-darmstadt.de/olw-konv-repository/material/8b/eb/1a/60/01/e6/11/ed/95/46/00/50/56/bd/73/ae;https://olw-material.hrz.tu-darmstadt.de/olw-konv-repository/material/2e/ed/4c/10/01/e7/11/ed/94/b2/00/50/56/bd/73/ae;
Höhere Mathematik I,,;76;;;;;;;;;;,Mathematik,WiSe 2020/21,;https://olw-material.hrz.tu-darmstadt.de/olw-konv-repository/material/df/3b/44/50/17/83/11/eb/b3/7a/00/50/56/bd/73/ae;https://olw-material.hrz.tu-darmstadt.de/olw-konv-repository/material/5e/8e/79/30/19/22/11/eb/90/e7/00/50/56/bd/73/ae;https://olw-material.hrz.tu-darmstadt.de/olw-konv-repository/material/a9/1f/55/50/1a/9e/11/eb/82/d5/00/50/56/bd/73/ae;https://olw-material.hrz.tu-darmstadt.de/olw-konv-repository/material/76/94/7d/90/1a/9e/11/eb/90/0e/00/50/56/bd/73/ae;https://olw-material.hrz.tu-darmstadt.de/olw-konv-repository/material/f3/85/a9/f0/17/83/11/eb/9a/5e/00/50/56/bd/73/ae;https://olw-material.hrz.tu-darmstadt.de/olw-konv-repository/material/43/53/5e/e0/1a/82/11/eb/88/d6/00/50/56/bd/73/ad;https://olw-material.hrz.tu-darmstadt.de/olw-konv-repository/material/c2/fd/f3/f0/1a/9e/11/eb/b3/c5/00/50/56/bd/73/ae;https://olw-material.hrz.tu-darmstadt.de/olw-konv-repository/material/8a/39/a2/80/1a/9e/11/eb/a3/9f/00/50/56/bd/73/ae;https://olw-material.hrz.tu-darmstadt.de/olw-konv-repository/material/76/02/74/70/1e/88/11/eb/89/66/00/50/56/bd/73/ae;https://olw-material.hrz.tu-darmstadt.de/olw-konv-repository/material/06/c5/bd/20/24/09/11/eb/89/95/00/50/56/bd/73/ae;https://olw-material.hrz.tu-darmstadt.de/olw-konv-repository/material/c4/11/65/30/2d/75/11/eb/88/b8/00/50/56/bd/73/ad;https://olw-material.hrz.tu-darmstadt.de/olw-konv-repository/material/d2/bc/35/40/2d/77/11/eb/a8/b5/00/50/56/bd/73/ad;https://olw-material.hrz.tu-darmstadt.de/olw-konv-repository/material/0e/37/67/b0/3a/0d/11/eb/b5/10/00/50/56/bd/73/ae;https://olw-material.hrz.tu-darmstadt.de/olw-konv-repository/material/1e/bf/bc/40/3a/0d/11/eb/b2/1f/00/50/56/bd/73/ae;https://olw-material.hrz.tu-darmstadt.de/olw-konv-repository/material/f3/fd/a1/00/3a/1d/11/eb/9a/07/00/50/56/bd/73/ad;https://olw-material.hrz.tu-darmstadt.de/olw-konv-repository/material/a8/78/6c/b0/3f/9a/11/eb/9c/d7/00/50/56/bd/73/ad;
Analysis I,,;76;;;;;;;;;;,Mathematik,WiSe 2020/21,;https://olw-material.hrz.tu-darmstadt.de/olw-konv-repository/material/c0/0a/48/20/e2/03/11/ea/ac/b0/00/50/56/bd/73/ae;https://olw-material.hrz.tu-darmstadt.de/olw-konv-repository/material/cf/61/1a/d0/14/f6/11/eb/9d/11/00/50/56/bd/73/ad;https://olw-material.hrz.tu-darmstadt.de/olw-konv-repository/material/17/b7/91/90/e2/d1/11/ea/86/9c/00/50/56/bd/73/ad;https://olw-material.hrz.tu-darmstadt.de/olw-konv-repository/material/ef/52/4a/30/14/f6/11/eb/83/36/00/50/56/bd/73/ad;https://olw-material.hrz.tu-darmstadt.de/olw-konv-repository/material/e3/89/52/b0/e5/f4/11/ea/9c/df/00/50/56/bd/73/ad;https://olw-material.hrz.tu-darmstadt.de/olw-konv-repository/material/20/fc/53/40/e7/62/11/ea/9a/9a/00/50/56/bd/73/ae;https://olw-material.hrz.tu-darmstadt.de/olw-konv-repository/material/f7/6f/4f/e0/e7/62/11/ea/94/f2/00/50/56/bd/73/ae;https://olw-material.hrz.tu-darmstadt.de/olw-konv-repository/material/48/6e/e6/d0/e7/7c/11/ea/aa/c8/00/50/56/bd/73/ae;https://olw-material.hrz.tu-darmstadt.de/olw-konv-repository/material/d3/9a/8b/90/e8/50/11/ea/93/91/00/50/56/bd/73/ae;https://olw-material.hrz.tu-darmstadt.de/olw-konv-repository/material/55/05/e4/30/eb/72/11/ea/9d/fa/00/50/56/bd/73/ae;https://olw-material.hrz.tu-darmstadt.de/olw-konv-repository/material/30/d1/ec/c0/34/89/11/eb/9a/2a/00/50/56/bd/73/ae;https://olw-material.hrz.tu-darmstadt.de/olw-konv-repository/material/bc/94/aa/00/eb/72/11/ea/84/a7/00/50/56/bd/73/ad;https://olw-material.hrz.tu-darmstadt.de/olw-konv-repository/material/e5/27/9f/60/ed/05/11/ea/92/7b/00/50/56/bd/73/ad;https://olw-material.hrz.tu-darmstadt.de/olw-konv-repository/material/d0/a2/85/40/ed/06/11/ea/be/42/00/50/56/bd/73/ae;https://olw-material.hrz.tu-darmstadt.de/olw-konv-repository/material/a1/ea/8d/b0/ee/96/11/ea/96/d7/00/50/56/bd/73/ad;https://olw-material.hrz.tu-darmstadt.de/olw-konv-repository/material/a1/30/39/00/f0/f4/11/ea/a2/f5/00/50/56/bd/73/ae;https://olw-material.hrz.tu-darmstadt.de/olw-konv-repository/material/df/77/de/10/f0/f5/11/ea/98/59/00/50/56/bd/73/ae;https://olw-material.hrz.tu-darmstadt.de/olw-konv-repository/material/47/ed/dd/20/f3/47/11/ea/bc/a8/00/50/56/bd/73/ad;https://olw-material.hrz.tu-darmstadt.de/olw-konv-repository/material/03/da/bb/40/f3/6e/11/ea/a9/5b/00/50/56/bd/73/ad;https://olw-material.hrz.tu-darmstadt.de/olw-konv-repository/material/15/d3/21/f0/f3/6b/11/ea/97/a0/00/50/56/bd/73/ae;https://olw-material.hrz.tu-darmstadt.de/olw-konv-repository/material/f1/8f/d3/60/03/b9/11/eb/80/76/00/50/56/bd/73/ae;https://olw-material.hrz.tu-darmstadt.de/olw-konv-repository/material/38/b4/56/50/01/56/11/eb/b3/ec/00/50/56/bd/73/ad;https://olw-material.hrz.tu-darmstadt.de/olw-konv-repository/material/8b/8f/50/e0/01/57/11/eb/83/6e/00/50/56/bd/73/ae;https://olw-material.hrz.tu-darmstadt.de/olw-konv-repository/material/5d/80/bd/00/01/58/11/eb/ad/ee/00/50/56/bd/73/ad;https://olw-material.hrz.tu-darmstadt.de/olw-konv-repository/material/fa/8b/60/00/01/58/11/eb/b5/8f/00/50/56/bd/73/ae;https://olw-material.hrz.tu-darmstadt.de/olw-konv-repository/material/27/8a/3a/20/14/f7/11/eb/b7/c3/00/50/56/bd/73/ad;https://olw-material.hrz.tu-darmstadt.de/olw-konv-repository/material/aa/ce/0a/40/12/9c/11/eb/a6/51/00/50/56/bd/73/ad;https://olw-material.hrz.tu-darmstadt.de/olw-konv-repository/material/6d/d4/d2/c0/18/70/11/eb/94/17/00/50/56/bd/73/ae;https://olw-material.hrz.tu-darmstadt.de/olw-konv-repository/material/76/7c/47/40/01/5b/11/eb/ad/07/00/50/56/bd/73/ae;https://olw-material.hrz.tu-darmstadt.de/olw-konv-repository/material/5a/fa/b6/f0/14/f7/11/eb/a8/63/00/50/56/bd/73/ad;https://olw-material.hrz.tu-darmstadt.de/olw-konv-repository/material/05/9f/f4/80/01/5c/11/eb/94/43/00/50/56/bd/73/ae;https://olw-material.hrz.tu-darmstadt.de/olw-konv-repository/material/81/0a/3a/e0/03/b4/11/eb/91/7c/00/50/56/bd/73/ae;https://olw-material.hrz.tu-darmstadt.de/olw-konv-repository/material/65/28/c1/30/17/59/11/eb/8c/b2/00/50/56/bd/73/ad;https://olw-material.hrz.tu-darmstadt.de/olw-konv-repository/material/a9/6b/4b/f0/03/b4/11/eb/99/1d/00/50/56/bd/73/ae;https://olw-material.hrz.tu-darmstadt.de/olw-konv-repository/material/9f/34/b0/00/14/f7/11/eb/99/9c/00/50/56/bd/73/ad;https://olw-material.hrz.tu-darmstadt.de/olw-konv-repository/material/c4/24/e1/40/03/b4/11/eb/8f/29/00/50/56/bd/73/ae;https://olw-material.hrz.tu-darmstadt.de/olw-konv-repository/material/e1/c7/65/b0/03/b4/11/eb/83/d4/00/50/56/bd/73/ae;https://olw-material.hrz.tu-darmstadt.de/olw-konv-repository/material/d3/89/05/b0/12/9d/11/eb/b8/7e/00/50/56/bd/73/ad;https://olw-material.hrz.tu-darmstadt.de/olw-konv-repository/material/c6/87/d3/80/14/f7/11/eb/b3/4d/00/50/56/bd/73/ad;https://olw-material.hrz.tu-darmstadt.de/olw-konv-repository/material/ae/78/b0/d0/12/9e/11/eb/b7/4c/00/50/56/bd/73/ad;https://olw-material.hrz.tu-darmstadt.de/olw-konv-repository/material/03/ee/35/c0/14/f8/11/eb/8f/93/00/50/56/bd/73/ad;https://olw-material.hrz.tu-darmstadt.de/olw-konv-repository/material/59/fa/7b/a0/12/9f/11/eb/ba/a6/00/50/56/bd/73/ae;https://olw-material.hrz.tu-darmstadt.de/olw-konv-repository/material/42/de/ba/70/14/f8/11/eb/bc/5c/00/50/56/bd/73/ad;https://olw-material.hrz.tu-darmstadt.de/olw-konv-repository/material/86/fe/d6/00/12/9f/11/eb/b2/9a/00/50/56/bd/73/ae;
"Workshop ""Literaturverwaltung mit EndNote für Einsteiger""",Veranstaltung für Teilnehmer/innen ohne EndNote-Vorkenntnisse.Anhand von praktischen Übungen werden die Grundfunktionen des Programms erläutert:    Möglichkeiten zum Datenimport bei der Literaturrecherche    Verwaltung der Quellen im Programm    Zitation im SchreibprogrammAls Angehörige/r der TU Darmstadt können Sie mittels Campuslizenz auf die Vollversion des Programms zugreifen:https://www.ulb.tu-darmstadt.de/service/literaturverwaltung_start/endnote_ulb/endnote.de.jsp#wie_erhalten_sie,;284;;;;;;;;;;,Universitätsbibliothek,SoSe 2020,;https://olw-material.hrz.tu-darmstadt.de/olw-konv-repository/material/c5/31/e9/90/fa/49/11/e9/a0/5c/00/50/56/bd/73/ae;
"Workshop ""Patente, Marken & Co. Wie schütze ich meine Ideen?""",,;284;;;;;;;;;;,Universitätsbibliothek,SoSe 2020,;https://olw-material.hrz.tu-darmstadt.de/olw-konv-repository/material/9c/7a/8f/60/22/4f/11/ea/9b/a7/00/50/56/bd/73/ae;
"Coffee Lecture ""Digitales Publizieren an der TU Darmstadt""","Coffee Lectures sind Kurzvorträge der ULB zu Themen rund um wissenschaftliches Arbeiten. Die Coffee Lecture ""Digitales Publizieren""stellt das institutionelle Repositorium TUprints, den Zeitschriften-Hosting-Dienst TUjournals und den Publikationsfonds vor. Zum Schluss wird das Thema ""Predatory Publishing"" (Raubverlage, unseriöse Zeitschriften) behandelt.",;374;;;;;;;;;;,,NoSemesterGiven,;
"Workshop ""Entscheidungshilfe Literaturverwaltungsprogramme""","Schluss mit Zettelwirtschaft, verlorenen Zitaten und mühsam erstellten Literaturverzeichnissen!Im Laufe Ihres Studiums werden zahlreiche Publikationen gewälzt. Ohne effiziente Organisation und Verwaltung kann sehr schnell der Überblick verloren gehen.Unabhängig vom Fachgebiet helfen Ihnen Literaturverwaltungsprogramme dabei, den Überblick über die Literatur zu Ihrer wissenschaftlichen Arbeit zu behalten, Literaturnachweise und Zitate schnell und vollständig zu erfassen, bibliographische Daten, Zitate, Notizen zeitsparend zu editieren, zu ordnen, auszuwerten und jederzeit wiederzufinden.",;284;;;;;;;;;;,Universitätsbibliothek,SoSe 2019,;https://olw-material.hrz.tu-darmstadt.de/olw-konv-repository/material/19/48/1c/20/fe/38/11/e8/82/10/00/50/56/bd/73/ad;
"Coffee Lecture ""Autorenrechte - worauf sollten Sie achten?""","Coffee Lectures sind Kurzvorträge der ULB zu Themen rund um wissenschaftliches Arbeiten. In der Coffee Lecture ""Autorenrechte"" wird alles wichtige rund um das Thema ""Autorenrechte"" behandelt. Nach einer Definition der Urheber-Persönlichkeitsrechte und der Urheber-Verwertungsrechte folgen Einblicke in die Thematik ""Rechteübertragung beim Abschluss von Verträgen"" und das Zweitveröffentlichungsrecht.",;374;;;;;;;;;;,,NoSemesterGiven,;
Impulse-Workshop „Digitales Publizieren und gute wissenschaftliche Praxis“,"Der Workshop bietet einen Überblick über das Thema ""Open Access (OA) und Digitales Publizieren an der TU Darmstadt"". Zunächst werden die Leitlinien der Deutschen Forschungsgemeinschaft zur guten wissenschaftlichen Praxis erläutert.  Es folgt eine kurze Definition des Begriffes ""OA"" und eine Vorstellung der OA-Policy der TU. Weiterhin werden die entsprechenden Unterstützungsangebote der Universitäts- und Landesbibliothek Darmstadt präsentiert und die Themen ""Autorenrechte"" und ""CC-Lizenzen"" behandelt. Zum Schluss wird die Promotionsordnung der TU und das Thema Autorenidentifikation vorgestellt.",;374;;;;;;;;;;,,NoSemesterGiven,;
Ingenium-Workshop Digitales Publizieren,"Der Ingenium-Workshop ""Digitales Publizieren"" führt in das Thema ""Open Access (OA) an der TU Darmstadt"" ein. Nach einer Definition von OA und seinen Vorteilen werden Autorenrechte und die Rechteübertragung beim Abschluss von Verträgen mit Verlagen und Repositorien behandelt. Anschließend folgen eine Vorstellung der Vorgaben von Forschungsförderern bzgl. OA und eine Erläuterung der OA-Policy der TU. Nach einer kurzen Einführung in das Thema ""Predatory Publishing"" (Raubverlage, unseriöse Zeitschriften), werden zum Abschluss Fördermöglichkeiten beim beim OA-Publizieren präsentiert.",;339;374;;;;;;;;;,,NoSemesterGiven,;
KI2VA-Gastprofessur für Queer Studies,"KI2VA-Gastprofessur für Queer Studies, Dr. phil. Antke Engel: Präsentationen und Audio-Files.",;330;;;;;;;;;;,Philosophie,SoSe 2019,;https://olw-material.hrz.tu-darmstadt.de/olw-konv-repository/material/62/25/74/c0/e1/cc/11/e8/9e/01/00/50/56/bd/73/ad;https://olw-material.hrz.tu-darmstadt.de/olw-konv-repository/material/d7/44/dd/10/99/bb/11/ea/85/13/00/50/56/bd/73/ae;https://olw-material.hrz.tu-darmstadt.de/olw-konv-repository/material/cb/c3/a1/e0/d6/59/11/e9/bd/85/00/50/56/bd/73/ae;https://olw-material.hrz.tu-darmstadt.de/olw-konv-repository/material/21/c9/af/90/d6/59/11/e9/80/88/00/50/56/bd/73/ae;https://olw-material.hrz.tu-darmstadt.de/olw-konv-repository/material/8c/9e/ed/d0/d6/59/11/e9/b4/53/00/50/56/bd/73/ae;https://olw-material.hrz.tu-darmstadt.de/olw-konv-repository/material/38/b7/32/c0/e1/0f/11/e9/bf/2c/00/50/56/bd/73/ad;https://olw-material.hrz.tu-darmstadt.de/olw-konv-repository/material/8c/e1/cc/e0/e1/12/11/e9/af/79/00/50/56/bd/73/ae;https://olw-material.hrz.tu-darmstadt.de/olw-konv-repository/material/96/31/15/50/e5/34/11/e9/9c/ee/00/50/56/bd/73/ad;
Effiziente Graphenalgorithmen,"Auf Basis analytischer Sachverhalte entwickeln wir algorithmische Ideen für Verfahren auf Graphen. Daraus entstehen zunächst generische Verfahren, welche formal bezüglich ihrer Korrektheit und Laufzeit analysiert werden. Im Anschluß daran werden in jedem Kapitel Techniken zur Verbesserung und Beschleunigung vorgestellt. Abgerundet wird der Stoffplan durch zahlreiche Modellierungs- und Anwendungsbeispiele und der (optionalen) Implementierung eines Benchmarks verschiedener algorithmischer Varianten. Die Veranstaltung vermittelt folgende Kompetenzen:- Grundlegende Algorithmen und Datenstrukturen auf Graphen beherrschen- Korrektheit und Laufzeit von Graphenalgorithmen analysieren- Exakte und heuristische Möglichkeiten zur Effizienzsteigerung anwenden- Ausnutzen spezieller Eigenschaften (Planarität, Dünnbesetztheit) und effizienter Datenstrukturen- Urteilsfähigkeit, welche Verfahren in der Praxis effizient einsetzbar sind- Implementierung verschiedener Varianten- Modellierung verschiedener Problemstellungen auf Basis von Graphen, u.a. Problemen aus dem Knowledge Processing und der Sprachtechnologie ",;106;;;;;;;;;;,Informatik,WiSe 2014/15,;https://olw-material.hrz.tu-darmstadt.de/olw-konv-repository/material/7f/22/35/00/61/00/11/e4/8b/d2/00/50/56/bd/73/ad;https://olw-material.hrz.tu-darmstadt.de/olw-konv-repository/material/91/66/61/b0/64/e2/11/e4/9e/61/00/50/56/bd/73/ad;https://olw-material.hrz.tu-darmstadt.de/olw-konv-repository/material/08/64/18/70/64/c5/11/e4/a9/f0/00/50/56/bd/73/ae;https://olw-material.hrz.tu-darmstadt.de/olw-konv-repository/material/79/77/41/90/64/e3/11/e4/ac/89/00/50/56/bd/73/ad;https://olw-material.hrz.tu-darmstadt.de/olw-konv-repository/material/e5/e8/c6/50/64/c5/11/e4/8b/43/00/50/56/bd/73/ad;https://olw-material.hrz.tu-darmstadt.de/olw-konv-repository/material/db/eb/75/c0/64/e4/11/e4/90/a4/00/50/56/bd/73/ad;https://olw-material.hrz.tu-darmstadt.de/olw-konv-repository/material/2a/ae/90/60/64/e1/11/e4/8b/47/00/50/56/bd/73/ad;
Algorithmische Modellierung,"Algorithmische Optimierungssprachen wie OPL und EclipseModellierung innerhalb eines restriktiven Modellierungsrahmens (zum Beispiel lineare Optimierung oder ganzzahlige lineare Optimierung)Modellierung als kombinatorische Optimierungsprobleme (z.B. Netzwerkflussprobleme, Färbungsprobleme, Wegeprobleme)Komplexe Fallbeispiele aus der Praxis. Zum Beispiel: Modellierung der Fahrplanauskunft im BahnverkehrModellierung der Steuerung von Fertigungsroboterndeterministisches und stochastisches Scheduling ",;106;;;;;;;;;;,Informatik,SoSe 2014,;https://olw-material.hrz.tu-darmstadt.de/olw-konv-repository/material/43/da/ff/80/da/88/11/e3/87/96/00/50/56/bd/73/ae;https://olw-material.hrz.tu-darmstadt.de/olw-konv-repository/material/29/6b/52/20/db/51/11/e3/93/97/00/50/56/bd/73/ad;https://olw-material.hrz.tu-darmstadt.de/olw-konv-repository/material/bd/ca/d1/80/da/88/11/e3/a6/46/00/50/56/bd/73/ad;https://olw-material.hrz.tu-darmstadt.de/olw-konv-repository/material/5f/cc/57/e0/dd/01/11/e3/b1/32/00/50/56/bd/73/ad;https://olw-material.hrz.tu-darmstadt.de/olw-konv-repository/material/d7/dd/c6/90/da/88/11/e3/a6/d3/00/50/56/bd/73/ad;https://olw-material.hrz.tu-darmstadt.de/olw-konv-repository/material/c6/4f/a1/20/dd/01/11/e3/88/75/00/50/56/bd/73/ad;https://olw-material.hrz.tu-darmstadt.de/olw-konv-repository/material/f4/5a/68/a0/da/88/11/e3/a2/a2/00/50/56/bd/73/ad;https://olw-material.hrz.tu-darmstadt.de/olw-konv-repository/material/86/83/e2/30/dd/02/11/e3/b9/7e/00/50/56/bd/73/ad;https://olw-material.hrz.tu-darmstadt.de/olw-konv-repository/material/56/28/5b/c0/ea/22/11/e3/93/54/00/50/56/bd/73/ad;https://olw-material.hrz.tu-darmstadt.de/olw-konv-repository/material/3d/b5/8c/b0/ea/23/11/e3/80/d2/00/50/56/bd/73/ad;https://olw-material.hrz.tu-darmstadt.de/olw-konv-repository/material/ba/05/64/30/ea/22/11/e3/87/d6/00/50/56/bd/73/ad;https://olw-material.hrz.tu-darmstadt.de/olw-konv-repository/material/93/51/17/f0/ea/52/11/e3/82/8e/00/50/56/bd/73/ad;https://olw-material.hrz.tu-darmstadt.de/olw-konv-repository/material/56/6a/08/70/01/b7/11/e4/b8/4d/00/50/56/bd/73/ad;https://olw-material.hrz.tu-darmstadt.de/olw-konv-repository/material/b9/2c/9d/30/01/d8/11/e4/8f/05/00/50/56/bd/73/ad;https://olw-material.hrz.tu-darmstadt.de/olw-konv-repository/material/36/61/d9/30/01/b8/11/e4/83/ea/00/50/56/bd/73/ad;https://olw-material.hrz.tu-darmstadt.de/olw-konv-repository/material/26/b2/55/70/01/d9/11/e4/89/64/00/50/56/bd/73/ad;https://olw-material.hrz.tu-darmstadt.de/olw-konv-repository/material/a0/78/82/60/01/b8/11/e4/8f/7d/00/50/56/bd/73/ad;https://olw-material.hrz.tu-darmstadt.de/olw-konv-repository/material/83/fe/27/40/01/d9/11/e4/94/5e/00/50/56/bd/73/ad;https://olw-material.hrz.tu-darmstadt.de/olw-konv-repository/material/ea/15/1d/20/01/b8/11/e4/9b/fa/00/50/56/bd/73/ad;https://olw-material.hrz.tu-darmstadt.de/olw-konv-repository/material/01/0d/55/20/01/ef/11/e4/a6/55/00/50/56/bd/73/ad;https://olw-material.hrz.tu-darmstadt.de/olw-konv-repository/material/ee/6d/88/20/08/c6/11/e4/9a/b3/00/50/56/bd/73/ad;https://olw-material.hrz.tu-darmstadt.de/olw-konv-repository/material/68/a8/93/f0/08/c7/11/e4/88/cb/00/50/56/bd/73/ad;https://olw-material.hrz.tu-darmstadt.de/olw-konv-repository/material/5e/9b/eb/c0/0b/f4/11/e4/98/e5/00/50/56/bd/73/ad;
Fachforum E-Learning: Bildung für Alle? Offene Lernressourcen an Hochschulen,"Open Educational Resources (OER) und Massive Open Online Courses (MOOCs) stehen derzeit wie kaum andere Begriffe für eine Öffnung der Hochschulen und deren Bildungsressourcen. Es sind nicht mehr ausschließlich Präsenzstudierende, die Zugriff auf Lernmaterialien oder gar komplette Kurse erhalten. Durch das offene und meist kostenfreie Angebot können Personen, die sich für ein Studium oder persönliche bzw. fachliche Weiterbildung interessieren über das Web auf diese Ressourcen zurückgreifen. Im Rahmen dieses Fachforums werden neben einem Einblick in bestehende und mögliche zukünftige OER- und MOOC-Initiativen zentrale Fragestellungen diskutiert, die für Hochschulen, Lehrende und Studierende durch diese Formate entstehen.",;44;251;252;;;;;;;;,E-Learning,SoSe 2014,;https://olw-material.hrz.tu-darmstadt.de/olw-konv-repository/material/46/f3/c4/30/d7/46/11/e3/a1/e9/00/50/56/bd/73/ad;https://olw-material.hrz.tu-darmstadt.de/olw-konv-repository/material/23/9b/92/60/db/33/11/e3/b4/0d/00/50/56/bd/73/ad;https://olw-material.hrz.tu-darmstadt.de/olw-konv-repository/material/2d/98/24/00/db/32/11/e3/99/11/00/50/56/bd/73/ad;https://olw-material.hrz.tu-darmstadt.de/olw-konv-repository/material/83/5d/bb/60/db/33/11/e3/bb/44/00/50/56/bd/73/ad;https://olw-material.hrz.tu-darmstadt.de/olw-konv-repository/material/af/17/28/b0/dc/03/11/e3/ab/86/00/50/56/bd/73/ad;
Wiki Biomechanik des Sports,"Das Biomechanik Wiki dient der Erarbeitung der Grundlagen der Biomechanik des Sports und wird zur Unterstützung von Lehrveranstaltungen am Institut für Sportwissenschaft der TU Darmstadt verwendet.In Vorbereitung auf die Lehrveranstaltung (z.B. Vorlesung Biomechanik und ProSeminar Biomechanik) werden ausgewählte Wiki-Module von den Studenten erarbeitet und bilden die Grundlage für die anschließende vertiefende problem- und anwendungsbezogene Auseinandersetzung mit den Inhalten.Die Wiki-Module sind in einzelne Kapitel (Kinematik, Dynamik, …) untergliedert. Diese bestehen jeweils aus verschiedenen Wissensmodulen (z.B. KIN1, KIN2, …), um den Stoff in kleinen Einheiten von ca. 30-60min zu vermitteln. Diese Module haben einen einheitlichen Aufbau, um das effektive Erarbeiten der Inhalte zu unterstützen. ",;139;;;;;;;;;;,Sportwissenschaft,WiSe 2013/14,;https://olw-material.hrz.tu-darmstadt.de/olw-konv-repository/material/83/6a/f9/30/2c/18/11/e3/98/7b/00/50/56/bd/73/ad;https://olw-material.hrz.tu-darmstadt.de/olw-konv-repository/material/39/0b/b5/40/2c/19/11/e3/ad/9a/00/50/56/bd/73/ae;https://olw-material.hrz.tu-darmstadt.de/olw-konv-repository/material/39/98/b3/00/2c/19/11/e3/8a/e0/00/50/56/bd/73/ae;
Technical Operations Research,"- Begriff und Entwicklung des (T)OR- Optimierungsmodelle- Lineare Optimierung (u.a. Simplex-Algorithmus, Dualität)- Graphentheoretische Grundlagen- Lösungsprinzipien der ganzzahligen und kombinatorischen Optimierung- Dynamische Optimierung- Metaheuristiken- (T)OR-Standardsoftware (Cplex)",;247;;;;;;;;;;,Maschinenbau,WiSe 2013/14,;https://olw-material.hrz.tu-darmstadt.de/olw-konv-repository/material/55/0a/cd/c0/3b/ce/11/e3/98/85/00/50/56/bd/73/ad;https://olw-material.hrz.tu-darmstadt.de/olw-konv-repository/material/6c/dd/7b/30/3d/4c/11/e3/ba/37/00/50/56/bd/73/ad;https://olw-material.hrz.tu-darmstadt.de/olw-konv-repository/material/77/f4/6f/e0/47/f3/11/e3/b1/81/00/50/56/bd/73/ad;https://olw-material.hrz.tu-darmstadt.de/olw-konv-repository/material/b6/a7/8a/e0/4a/bb/11/e3/9c/81/00/50/56/bd/73/ad;https://olw-material.hrz.tu-darmstadt.de/olw-konv-repository/material/ff/42/31/f0/4e/cc/11/e3/ac/25/00/50/56/bd/73/ae;https://olw-material.hrz.tu-darmstadt.de/olw-konv-repository/material/a0/7d/4c/d0/52/7e/11/e3/a3/d7/00/50/56/bd/73/ad;https://olw-material.hrz.tu-darmstadt.de/olw-konv-repository/material/56/7a/3a/60/57/a8/11/e3/8a/ad/00/50/56/bd/73/ae;https://olw-material.hrz.tu-darmstadt.de/olw-konv-repository/material/2f/ee/40/40/60/e4/11/e3/b8/5b/00/50/56/bd/73/ae;https://olw-material.hrz.tu-darmstadt.de/olw-konv-repository/material/fc/68/0a/a0/63/2a/11/e3/9f/2c/00/50/56/bd/73/ad;https://olw-material.hrz.tu-darmstadt.de/olw-konv-repository/material/b0/41/71/d0/82/b4/11/e3/bf/21/00/50/56/bd/73/ad;https://olw-material.hrz.tu-darmstadt.de/olw-konv-repository/material/08/57/43/00/84/30/11/e3/a5/9d/00/50/56/bd/73/ad;https://olw-material.hrz.tu-darmstadt.de/olw-konv-repository/material/53/7b/0c/e0/88/b8/11/e3/b0/30/00/50/56/bd/73/ad;https://olw-material.hrz.tu-darmstadt.de/olw-konv-repository/material/ca/87/a9/10/8a/4d/11/e3/9d/ad/00/50/56/bd/73/ad;https://olw-material.hrz.tu-darmstadt.de/olw-konv-repository/material/26/b8/b5/d0/92/82/11/e3/b9/e1/00/50/56/bd/73/ad;
"Schutz der Privatsphäre: ""Privacy by Design"" als technisches und gesellschaftliches Konstruktionsprinzip","In der Ringvorlesung betrachten Experten und Expertinnen der Fachrichtungen Informatik, Recht, Philosophie, Politik und Wirtschaft das Thema ""Schutz der Privatsphäre"" aus verschiedenen Blickwinkeln und regen zu einer gemeinsamen Diskussion an. Dabei geht es vor allem um die kulturelle Bedeutung der Privatsphäre, die Notwendigkeit und die Möglichkeiten ihres Schutzes angesichts neuer technischer Entwicklungen: Wie können gesellschaftliche Wertvorstellungen erkannt und von vornherein in technische Ansätze integriert werden? Die Ringvorlesung wird gemeinsam angeboten von dem interdisziplinären Studienschwerpunkt ""Wissenschafts- und Technikforschung: Normen, Ambivalenzen, Gestaltungsoptionen"" (NAG) der TUDarmstadt und dem LOEWE-Zentrum CASED für IT-Sicherheitsforschung.",;39;;;;;;;;;;,Philosophie,SoSe 2013,;https://olw-material.hrz.tu-darmstadt.de/olw-konv-repository/material/44/fe/e1/e0/ae/44/11/e2/a5/4b/00/50/56/bd/73/b1;https://olw-material.hrz.tu-darmstadt.de/olw-konv-repository/material/55/d3/72/40/be/09/11/e2/a3/52/00/50/56/bd/3c/11;https://olw-material.hrz.tu-darmstadt.de/olw-konv-repository/material/2b/5f/76/50/b2/fe/11/e2/81/87/00/50/56/bd/73/b1;https://olw-material.hrz.tu-darmstadt.de/olw-konv-repository/material/48/0b/65/c0/b2/fe/11/e2/ac/5e/00/50/56/bd/73/b1;https://olw-material.hrz.tu-darmstadt.de/olw-konv-repository/material/fa/23/da/e0/b2/fd/11/e2/a9/62/00/50/56/bd/73/b1;https://olw-material.hrz.tu-darmstadt.de/olw-konv-repository/material/6b/be/19/60/bb/a3/11/e2/89/e2/00/50/56/bd/73/b1;https://olw-material.hrz.tu-darmstadt.de/olw-konv-repository/material/21/33/ae/e0/c3/88/11/e2/be/8a/00/50/56/bd/73/ad;https://olw-material.hrz.tu-darmstadt.de/olw-konv-repository/material/2c/8f/34/a0/d2/77/11/e2/bb/ff/00/50/56/bd/73/ad;https://olw-material.hrz.tu-darmstadt.de/olw-konv-repository/material/70/85/26/c0/c4/48/11/e2/bb/b2/00/50/56/bd/73/ad;https://olw-material.hrz.tu-darmstadt.de/olw-konv-repository/material/cf/ae/4d/20/cc/e5/11/e2/a2/57/00/50/56/bd/73/ad;https://olw-material.hrz.tu-darmstadt.de/olw-konv-repository/material/8a/21/ef/10/e4/81/11/e2/bb/10/00/50/56/bd/73/ad;https://olw-material.hrz.tu-darmstadt.de/olw-konv-repository/material/67/78/9d/30/ce/8b/11/e2/a1/50/00/50/56/bd/73/ad;https://olw-material.hrz.tu-darmstadt.de/olw-konv-repository/material/7b/eb/b5/f0/e4/83/11/e2/81/55/00/50/56/bd/73/ad;https://olw-material.hrz.tu-darmstadt.de/olw-konv-repository/material/1e/39/33/10/e4/83/11/e2/9c/00/00/50/56/bd/73/ad;https://olw-material.hrz.tu-darmstadt.de/olw-konv-repository/material/91/2b/60/c0/da/ae/11/e2/83/d4/00/50/56/bd/73/ad;https://olw-material.hrz.tu-darmstadt.de/olw-konv-repository/material/4d/14/66/c0/da/b3/11/e2/94/42/00/50/56/bd/73/ad;https://olw-material.hrz.tu-darmstadt.de/olw-konv-repository/material/65/44/3a/c0/df/d3/11/e2/87/78/00/50/56/bd/73/ad;https://olw-material.hrz.tu-darmstadt.de/olw-konv-repository/material/f5/a4/38/90/df/d3/11/e2/9b/23/00/50/56/bd/73/ad;https://olw-material.hrz.tu-darmstadt.de/olw-konv-repository/material/a7/67/e9/b0/e9/65/11/e2/8e/a8/00/50/56/bd/73/ad;https://olw-material.hrz.tu-darmstadt.de/olw-konv-repository/material/09/cc/5e/d0/ea/09/11/e2/9b/1a/00/50/56/bd/73/ad;https://olw-material.hrz.tu-darmstadt.de/olw-konv-repository/material/70/ba/b2/f0/fe/62/11/e2/84/7c/00/50/56/bd/73/ad;
Global Challenges Ringvorlesung: Ware Wissenschaft,"Die jährliche „Global Challenges“ Ringvorlesung wird von den drei interdisziplinären Studienschwerpunkten „Wissenschafts- und Technikforschung (NAG)“, „Umweltwissenschaften“ (UWi) und „Technik und internationale Entwicklung“ (TuE) gemeinsam getragen. In diesem Jahr geht es nicht allgemein um die zunehmende Kommerzialisierung der Forschung, sondern um die verschiedenen Ebenen, auf denen ökonomisches Denken den Forschungsprozess bestimmt. Da gibt es einerseits schon auf der Methodenebene Ökonomieprinzipien wie Einfachheit, begriffliche Sparsamkeit und wird andererseits der Forschungsgegenstand ökonomisch definiert, zum Beispiel durch Monetarisierung der Produktivität von Ökosystemen oder durch spieltheoretische Beschreibungen internationaler Verhandlungssituationen. Die Bedeutung ökonomisierter Denkstrukturen ist besonders prominent in einer Forschung, von der die Lösung globaler Probleme erwartet wird. Insofern diese Denkstrukturen äußerst voraussetzungsreich sind, müssen sie kritisch reflektiert werden.",;39;;;;;;;;;;,Philosophie,SoSe 2013,;https://olw-material.hrz.tu-darmstadt.de/olw-konv-repository/material/09/1d/16/a0/30/13/11/e3/ab/3f/00/50/56/bd/73/ad;https://olw-material.hrz.tu-darmstadt.de/olw-konv-repository/material/07/87/76/e0/30/e1/11/e3/be/d0/00/50/56/bd/73/ad;https://olw-material.hrz.tu-darmstadt.de/olw-konv-repository/material/b8/99/8b/60/d4/d1/11/e2/8d/a0/00/50/56/bd/73/ad;https://olw-material.hrz.tu-darmstadt.de/olw-konv-repository/material/71/1e/f0/d0/d4/d2/11/e2/94/c2/00/50/56/bd/73/ae;https://olw-material.hrz.tu-darmstadt.de/olw-konv-repository/material/28/9e/98/70/d3/46/11/e2/b6/60/00/50/56/bd/73/ad;https://olw-material.hrz.tu-darmstadt.de/olw-konv-repository/material/76/64/73/10/e9/56/11/e2/84/b8/00/50/56/bd/73/ad;https://olw-material.hrz.tu-darmstadt.de/olw-konv-repository/material/ba/2d/b3/80/e9/57/11/e2/a2/a7/00/50/56/bd/73/ad;https://olw-material.hrz.tu-darmstadt.de/olw-konv-repository/material/fd/2d/aa/10/30/e1/11/e3/85/01/00/50/56/bd/73/ad;https://olw-material.hrz.tu-darmstadt.de/olw-konv-repository/material/4e/7d/66/30/30/e2/11/e3/a2/8a/00/50/56/bd/73/ad;
27. Darmstädter Sport-Forum. Visionen für den Sport - Kann Technik den Sport verbessern?,Seit 1986 organisiert das Institut für Sportwissenschaft in Zusammenarbeit mit dem Sportkreis 33 einmal jährlich das Darmstädter Sport-Forum. In fünf wöchentlich aufeinanderfolgenden Vorträgen im November (und Anfang Dezember) wird ein spezifisches Themengebiet einer sportwissenschaftlichen Teildisziplin von hochrangigen Referenten aus dem gesamten Bundesgebiet aus verschiedenen Blickwinkeln beleuchtet.,;139;;;;;;;;;;,Sportwissenschaft,WiSe 2012/13,;https://olw-material.hrz.tu-darmstadt.de/olw-konv-repository/material/fb/b0/f8/e0/86/6e/11/e2/bd/0c/00/50/56/bd/33/cf;https://olw-material.hrz.tu-darmstadt.de/olw-konv-repository/material/b1/2d/d4/c0/85/68/11/e2/8b/8b/00/50/56/bd/33/cf;https://olw-material.hrz.tu-darmstadt.de/olw-konv-repository/material/1e/74/6d/00/86/6d/11/e2/bc/02/00/50/56/bd/33/cf;https://olw-material.hrz.tu-darmstadt.de/olw-konv-repository/material/97/33/ae/40/86/6d/11/e2/a9/6a/00/50/56/bd/33/cf;https://olw-material.hrz.tu-darmstadt.de/olw-konv-repository/material/d5/a6/82/00/86/6e/11/e2/9f/ef/00/50/56/bd/33/cf;
"Wind-, Wasser-, Wellenkraft - Optimierung und Skalierung von Fluidsystemen",Angebot an regenerativen Energien Wandlungsprinzipien Investitionskosten pro elektrische Leistung Erntefaktor Wirkungsgrad Wellen und Körper Wind und Windräder.,;1;;;;;;;;;;,Maschinenbau,WiSe 2012/13,;https://olw-material.hrz.tu-darmstadt.de/olw-konv-repository/material/fc/db/e4/90/1f/45/11/e2/a0/2c/00/50/56/ac/62/a3;https://olw-material.hrz.tu-darmstadt.de/olw-konv-repository/material/01/9c/81/f0/2a/5f/11/e2/9c/f3/00/50/56/ac/62/a3;https://olw-material.hrz.tu-darmstadt.de/olw-konv-repository/material/19/d2/a0/b0/2a/5f/11/e2/80/35/00/50/56/ac/62/a3;https://olw-material.hrz.tu-darmstadt.de/olw-konv-repository/material/28/af/51/b0/30/ad/11/e2/b5/a3/00/50/56/ac/62/a3;https://olw-material.hrz.tu-darmstadt.de/olw-konv-repository/material/37/96/ee/90/30/ad/11/e2/88/41/00/50/56/ac/62/a3;https://olw-material.hrz.tu-darmstadt.de/olw-konv-repository/material/a1/ca/93/00/42/2f/11/e2/86/da/00/50/56/ac/62/a3;https://olw-material.hrz.tu-darmstadt.de/olw-konv-repository/material/b4/ff/42/e0/42/2f/11/e2/b6/ba/00/50/56/ac/62/a3;https://olw-material.hrz.tu-darmstadt.de/olw-konv-repository/material/28/fb/ed/20/45/cc/11/e2/b4/c9/00/50/56/ac/62/a3;https://olw-material.hrz.tu-darmstadt.de/olw-konv-repository/material/34/5b/c2/d0/45/cc/11/e2/a1/a1/00/50/56/ac/62/a3;https://olw-material.hrz.tu-darmstadt.de/olw-konv-repository/material/4f/34/36/10/4b/43/11/e2/93/5b/00/50/56/ac/62/a3;https://olw-material.hrz.tu-darmstadt.de/olw-konv-repository/material/69/da/1c/50/4b/43/11/e2/97/ee/00/50/56/ac/62/a3;https://olw-material.hrz.tu-darmstadt.de/olw-konv-repository/material/f3/7d/e1/70/61/74/11/e2/9e/40/00/50/56/ac/62/a3;https://olw-material.hrz.tu-darmstadt.de/olw-konv-repository/material/00/2f/8b/80/61/75/11/e2/88/c3/00/50/56/ac/62/a3;https://olw-material.hrz.tu-darmstadt.de/olw-konv-repository/material/d3/b4/6a/70/66/bb/11/e2/a5/b1/00/50/56/ac/62/a3;https://olw-material.hrz.tu-darmstadt.de/olw-konv-repository/material/e0/8c/13/10/66/bb/11/e2/9b/0b/00/50/56/ac/62/a3;https://olw-material.hrz.tu-darmstadt.de/olw-konv-repository/material/20/b2/44/30/71/d6/11/e2/89/d7/00/50/56/ac/62/a3;https://olw-material.hrz.tu-darmstadt.de/olw-konv-repository/material/32/72/ca/a0/71/d6/11/e2/98/c1/00/50/56/ac/62/a3;https://olw-material.hrz.tu-darmstadt.de/olw-konv-repository/material/87/72/92/20/78/47/11/e2/bd/e3/00/50/56/ac/62/a3;https://olw-material.hrz.tu-darmstadt.de/olw-konv-repository/material/92/f7/54/f0/78/47/11/e2/ae/2d/00/50/56/ac/62/a3;
Tutorium Advanced Cax,"Das Tutorium vertieft die Kenntnisse in parametrischen 3D-CAD-Systemen, am Beispiel von CATIA V6 (Dassault Systèmes). Neben einer allgemeinen Einführung in die Einzelteilmodellie-rung Part Design und die Baugruppenmodellierung Assembly Design liegt der Schwerpunkt des Tutoriums auf dem Erlernen der Methoden und Konzepte des Knowledge Based Engineering (KBE). KBE integriert Wissen in unterschiedlichster Form in die Konstruktionsbeschreibung. Dies ermög-licht beispielsweise die automatisierte Anpassung von Geometrie an neue Umgebungsbedingun-gen (z. B. bei Konstruktionsänderungen oder Variantenkonstruktionen), oder auch die Unterstüt-zung des Konstrukteurs während seiner Arbeit (z. B. durch Warnungen bei Dimensionsüber-schreitungen oder selbsttätig ablaufende Optimierungen ausgewählter Parameter) Die Methoden des KBE werden mit Hilfe komplexer Baugruppen eines Planeten Getriebes er-lernt. Bestandteil des Tutoriums ist die Einarbeitung in die Grundlagen des CAD-System CATIA V6 und in die Funktionen der KBE-Umgebung, sowie eine dokumentierte Einzelaufgabe und eine Kleingruppenaufgabe. Nach erfolgreichem Abschluss des Tutoriums verfügen die TeilnehmerInnen über Grundlagen im Solidmodelling und des Knowledge Based Engineering mit CATIA V6. Insbesondere die Erfah-rungen des KBE können auch auf andere 3D-CAD-Softwaresysteme übertragen werden.",;104;;;;;;;;;;,Maschinenbau,SoSe 2012,;https://olw-material.hrz.tu-darmstadt.de/olw-konv-repository/material/3b/23/2a/90/c9/cb/11/e1/aa/1b/00/50/56/ac/62/a3;https://olw-material.hrz.tu-darmstadt.de/olw-konv-repository/material/f6/7f/c1/50/c9/ca/11/e1/a5/16/00/50/56/ac/62/a3;
Strömungslehre – Einführung in die Hydrodynamik,,;1;;;;;;;;;;,Maschinenbau,SoSe 2012,;https://olw-material.hrz.tu-darmstadt.de/olw-konv-repository/material/08/14/af/d0/ec/39/11/e1/b4/9f/00/50/56/ac/62/a3;https://olw-material.hrz.tu-darmstadt.de/olw-konv-repository/material/0d/55/86/c0/ec/3b/11/e1/85/66/00/50/56/ac/62/a3;https://olw-material.hrz.tu-darmstadt.de/olw-konv-repository/material/3a/a6/2c/60/ec/3b/11/e1/ab/84/00/50/56/ac/62/a3;https://olw-material.hrz.tu-darmstadt.de/olw-konv-repository/material/49/60/ec/e0/ec/3b/11/e1/83/82/00/50/56/ac/62/a3;https://olw-material.hrz.tu-darmstadt.de/olw-konv-repository/material/60/68/01/80/ec/3b/11/e1/ae/d7/00/50/56/ac/62/a3;https://olw-material.hrz.tu-darmstadt.de/olw-konv-repository/material/75/8a/02/70/ec/3b/11/e1/95/e4/00/50/56/ac/62/a3;https://olw-material.hrz.tu-darmstadt.de/olw-konv-repository/material/96/ec/9c/20/ec/3b/11/e1/96/90/00/50/56/ac/62/a3;https://olw-material.hrz.tu-darmstadt.de/olw-konv-repository/material/ad/4c/4d/30/ec/3b/11/e1/93/0c/00/50/56/ac/62/a3;https://olw-material.hrz.tu-darmstadt.de/olw-konv-repository/material/bf/fc/3c/b0/ec/3b/11/e1/9a/9e/00/50/56/ac/62/a3;https://olw-material.hrz.tu-darmstadt.de/olw-konv-repository/material/cf/2e/29/00/ec/3b/11/e1/98/cd/00/50/56/ac/62/a3;https://olw-material.hrz.tu-darmstadt.de/olw-konv-repository/material/ed/34/9f/60/ec/3b/11/e1/8e/8c/00/50/56/ac/62/a3;https://olw-material.hrz.tu-darmstadt.de/olw-konv-repository/material/fd/c9/01/e0/ec/3b/11/e1/bb/92/00/50/56/ac/62/a3;https://olw-material.hrz.tu-darmstadt.de/olw-konv-repository/material/14/cd/30/50/ec/3c/11/e1/b8/50/00/50/56/ac/62/a3;https://olw-material.hrz.tu-darmstadt.de/olw-konv-repository/material/2b/30/63/d0/ec/3c/11/e1/82/80/00/50/56/ac/62/a3;https://olw-material.hrz.tu-darmstadt.de/olw-konv-repository/material/47/54/85/a0/ec/3c/11/e1/9f/a9/00/50/56/ac/62/a3;https://olw-material.hrz.tu-darmstadt.de/olw-konv-repository/material/56/07/cc/10/ec/3c/11/e1/83/fd/00/50/56/ac/62/a3;https://olw-material.hrz.tu-darmstadt.de/olw-konv-repository/material/65/44/18/a0/ec/3c/11/e1/a2/0e/00/50/56/ac/62/a3;https://olw-material.hrz.tu-darmstadt.de/olw-konv-repository/material/75/34/24/d0/ec/3c/11/e1/84/bc/00/50/56/ac/62/a3;https://olw-material.hrz.tu-darmstadt.de/olw-konv-repository/material/90/17/b0/50/ec/3c/11/e1/b1/6e/00/50/56/ac/62/a3;https://olw-material.hrz.tu-darmstadt.de/olw-konv-repository/material/a2/67/a5/80/ec/3c/11/e1/b0/bf/00/50/56/ac/62/a3;https://olw-material.hrz.tu-darmstadt.de/olw-konv-repository/material/cb/40/30/80/ec/3c/11/e1/b6/61/00/50/56/ac/62/a3;https://olw-material.hrz.tu-darmstadt.de/olw-konv-repository/material/da/4c/e1/90/ec/3c/11/e1/ab/66/00/50/56/ac/62/a3;https://olw-material.hrz.tu-darmstadt.de/olw-konv-repository/material/04/16/83/50/ec/3d/11/e1/91/4f/00/50/56/ac/62/a3;https://olw-material.hrz.tu-darmstadt.de/olw-konv-repository/material/1e/54/58/f0/ec/3d/11/e1/97/20/00/50/56/ac/62/a3;https://olw-material.hrz.tu-darmstadt.de/olw-konv-repository/material/39/35/25/50/ec/3d/11/e1/b2/a9/00/50/56/ac/62/a3;https://olw-material.hrz.tu-darmstadt.de/olw-konv-repository/material/4d/2c/3a/d0/ec/3d/11/e1/94/d9/00/50/56/ac/62/a3;https://olw-material.hrz.tu-darmstadt.de/olw-konv-repository/material/66/e2/42/d0/ec/3d/11/e1/ad/34/00/50/56/ac/62/a3;https://olw-material.hrz.tu-darmstadt.de/olw-konv-repository/material/77/4c/61/00/ec/3d/11/e1/8d/88/00/50/56/ac/62/a3;https://olw-material.hrz.tu-darmstadt.de/olw-konv-repository/material/89/24/b5/30/ec/3d/11/e1/ad/37/00/50/56/ac/62/a3;https://olw-material.hrz.tu-darmstadt.de/olw-konv-repository/material/9b/5d/c7/00/ec/3d/11/e1/a4/c5/00/50/56/ac/62/a3;https://olw-material.hrz.tu-darmstadt.de/olw-konv-repository/material/0a/2f/39/20/ec/3e/11/e1/88/dc/00/50/56/ac/62/a3;https://olw-material.hrz.tu-darmstadt.de/olw-konv-repository/material/e2/43/a6/30/ec/3d/11/e1/89/83/00/50/56/ac/62/a3;https://olw-material.hrz.tu-darmstadt.de/olw-konv-repository/material/1d/61/02/d0/ec/3e/11/e1/b0/ff/00/50/56/ac/62/a3;https://olw-material.hrz.tu-darmstadt.de/olw-konv-repository/material/2c/e3/59/10/ec/3e/11/e1/9b/bc/00/50/56/ac/62/a3;https://olw-material.hrz.tu-darmstadt.de/olw-konv-repository/material/47/6b/7e/20/ec/3e/11/e1/93/c9/00/50/56/ac/62/a3;https://olw-material.hrz.tu-darmstadt.de/olw-konv-repository/material/58/64/6e/d0/ec/3e/11/e1/9c/43/00/50/56/ac/62/a3;https://olw-material.hrz.tu-darmstadt.de/olw-konv-repository/material/6d/d1/d0/a0/ec/3e/11/e1/be/78/00/50/56/ac/62/a3;https://olw-material.hrz.tu-darmstadt.de/olw-konv-repository/material/7e/34/9b/d0/ec/3e/11/e1/84/50/00/50/56/ac/62/a3;https://olw-material.hrz.tu-darmstadt.de/olw-konv-repository/material/aa/c2/b4/c0/ec/3e/11/e1/a4/f7/00/50/56/ac/62/a3;https://olw-material.hrz.tu-darmstadt.de/olw-konv-repository/material/b9/85/3d/70/ec/3e/11/e1/b9/53/00/50/56/ac/62/a3;https://olw-material.hrz.tu-darmstadt.de/olw-konv-repository/material/d3/8e/e3/b0/ec/3e/11/e1/a1/c5/00/50/56/ac/62/a3;https://olw-material.hrz.tu-darmstadt.de/olw-konv-repository/material/e1/7a/46/40/ec/3e/11/e1/ad/4d/00/50/56/ac/62/a3;https://olw-material.hrz.tu-darmstadt.de/olw-konv-repository/material/f5/74/b7/20/ec/3e/11/e1/84/1d/00/50/56/ac/62/a3;https://olw-material.hrz.tu-darmstadt.de/olw-konv-repository/material/40/4b/b1/30/ec/40/11/e1/b1/9e/00/50/56/ac/62/a3;
Realität - Virtualität - Wirklichkeit,"Technische Weltgestaltung und technisch vermitteltes Handeln zeitigen in immer höherem Maße Folgen, die unserer unmittelbaren Wirklichkeitserfahrung verschlossen bleiben. Unter Einsatz der modernen Informations- und Kommunikationstechnologien wird dies kompensiert durch Simulation der einschlägigen Bezugsbereiche als ""virtual reality"". Zugleich wird aber auch unsere direkte Lebenswelt zunehmend virtualisiert, weil die individuellen Möglichkeiten der Erfahrung in einem Missverhältnis stehen zu den Anforderungen einer Erschließung und eines Umgangs in und mit einer immer komplexer werdenden Welt. Wir bewegen uns zunehmend in virtuellen Räumen und Zeiten. In der Vorlesung wird diese Entwicklung auf der Basis einer Analyse der Begriffstraditionen von ""Realität"", ""Wirklichkeit"" und ""Virtualität"" untersucht, Chancen und Verluste insbesondere im Blick auf die Entwicklung individueller Kompetenzen werden bilanziert sowie technikethische Konsequenzen aufgezeigt.",;77;;;;;;;;;;,Philosophie,SoSe 2012,;https://olw-material.hrz.tu-darmstadt.de/olw-konv-repository/material/cb/5c/b2/40/e3/be/11/e6/bd/fc/00/50/56/bd/73/ad;https://olw-material.hrz.tu-darmstadt.de/olw-konv-repository/material/c7/8d/a4/b0/e3/c5/11/e6/bf/20/00/50/56/bd/73/ad;https://olw-material.hrz.tu-darmstadt.de/olw-konv-repository/material/cf/11/c6/d0/e3/c5/11/e6/bd/ff/00/50/56/bd/73/ad;https://olw-material.hrz.tu-darmstadt.de/olw-konv-repository/material/d6/8e/95/f0/e3/c5/11/e6/a9/85/00/50/56/bd/73/ad;https://olw-material.hrz.tu-darmstadt.de/olw-konv-repository/material/de/e4/ae/10/e3/c5/11/e6/bb/a2/00/50/56/bd/73/ad;https://olw-material.hrz.tu-darmstadt.de/olw-konv-repository/material/e5/27/4f/80/e3/c5/11/e6/bb/a1/00/50/56/bd/73/ad;https://olw-material.hrz.tu-darmstadt.de/olw-konv-repository/material/ee/27/b1/60/e3/c5/11/e6/ab/0b/00/50/56/bd/73/ad;https://olw-material.hrz.tu-darmstadt.de/olw-konv-repository/material/f6/d0/7d/60/e3/c5/11/e6/a9/7d/00/50/56/bd/73/ad;https://olw-material.hrz.tu-darmstadt.de/olw-konv-repository/material/5f/12/d3/60/e3/d4/11/e6/8d/0a/00/50/56/bd/73/ae;https://olw-material.hrz.tu-darmstadt.de/olw-konv-repository/material/fe/a5/f3/d0/e3/c5/11/e6/8e/87/00/50/56/bd/73/ad;https://olw-material.hrz.tu-darmstadt.de/olw-konv-repository/material/06/50/d7/d0/e3/c6/11/e6/ad/61/00/50/56/bd/73/ad;
Mythos und Rationalität,"In der Vorlesung werden zunächst die ideengeschichtlichen Rekonstruktionen (""große Erzählungen"") des Übergangs vom Mythos zur Herausbildung moderner Rationalität untersucht. Sodann werden unterschiedliche Ansätze einer Kritik an dieser Vorstellung diskutiert: - Rationalität des Mythos- Umschlag von Rationalität in (neuen) Mythos- Mystifizierung bestimmter Rationalitätskonzepte (z. B. der Technik)- Durchgängigkeit mythischer Verfasstheiten und Einstellungen- Mythos- und Rationalitätskonzepte als Gegenstand der Ideologiekritik- Versuche einer Rehabilitation des Mythos.",;77;;;;;;;;;;,Philosophie,SoSe 2011,;https://olw-material.hrz.tu-darmstadt.de/olw-konv-repository/material/8b/e6/6b/b0/e3/d2/11/e6/99/f9/00/50/56/bd/73/ad;https://olw-material.hrz.tu-darmstadt.de/olw-konv-repository/material/99/c6/aa/b0/e3/d2/11/e6/a1/9d/00/50/56/bd/73/ad;https://olw-material.hrz.tu-darmstadt.de/olw-konv-repository/material/45/ca/18/b0/e3/bf/11/e6/9a/97/00/50/56/bd/73/ad;https://olw-material.hrz.tu-darmstadt.de/olw-konv-repository/material/fb/93/79/20/e3/c4/11/e6/99/c4/00/50/56/bd/73/ad;https://olw-material.hrz.tu-darmstadt.de/olw-konv-repository/material/03/f9/21/a0/e3/c5/11/e6/ac/22/00/50/56/bd/73/ad;https://olw-material.hrz.tu-darmstadt.de/olw-konv-repository/material/0a/65/1d/00/e3/c5/11/e6/bd/9e/00/50/56/bd/73/ad;https://olw-material.hrz.tu-darmstadt.de/olw-konv-repository/material/11/f0/44/00/e3/c5/11/e6/83/8a/00/50/56/bd/73/ad;https://olw-material.hrz.tu-darmstadt.de/olw-konv-repository/material/1a/32/fb/30/e3/c5/11/e6/ab/d9/00/50/56/bd/73/ad;https://olw-material.hrz.tu-darmstadt.de/olw-konv-repository/material/23/cc/8f/d0/e3/c5/11/e6/bc/03/00/50/56/bd/73/ad;https://olw-material.hrz.tu-darmstadt.de/olw-konv-repository/material/2e/5f/2a/70/e3/c5/11/e6/9d/68/00/50/56/bd/73/ad;https://olw-material.hrz.tu-darmstadt.de/olw-konv-repository/material/36/ca/9f/50/e3/c5/11/e6/95/83/00/50/56/bd/73/ad;https://olw-material.hrz.tu-darmstadt.de/olw-konv-repository/material/3e/c5/c6/30/e3/c5/11/e6/9e/e9/00/50/56/bd/73/ad;https://olw-material.hrz.tu-darmstadt.de/olw-konv-repository/material/4a/30/23/30/e3/c5/11/e6/80/99/00/50/56/bd/73/ad;
Ethik und Technikbewertung,"Themenfelder:- Technikethik als anwendungsbezogene Ethik – Probleme und Abgrenzungen- Verantwortung für technisches Handeln- Die Möglichkeit der Folgen: Chancen und Risiken- Wertvorentscheidungen und Bewertungen- Wertbegriffe und Wertkonflikte / Options- und Vermächtniswerte- Ethischer Pluralismus als Herausforderung / Diskursethik / Klugheitsethik / Ethik als „provisorische Moral“/Dissensmanagement- Subjekte der Verantwortung: Individuen und Institutionen- „Sachzwänge“, Herrschaft, Macht- Ethikkodizes, Technikethik und Recht",;77;;;;;;;;;;,Philosophie,WiSe 2011/12,;https://olw-material.hrz.tu-darmstadt.de/olw-konv-repository/material/26/81/37/40/e3/bf/11/e6/a4/ed/00/50/56/bd/73/ad;https://olw-material.hrz.tu-darmstadt.de/olw-konv-repository/material/59/bb/2c/00/e3/c5/11/e6/88/6c/00/50/56/bd/73/ad;https://olw-material.hrz.tu-darmstadt.de/olw-konv-repository/material/62/31/01/20/e3/c5/11/e6/be/42/00/50/56/bd/73/ad;https://olw-material.hrz.tu-darmstadt.de/olw-konv-repository/material/6b/57/3a/80/e3/c5/11/e6/bf/2b/00/50/56/bd/73/ad;https://olw-material.hrz.tu-darmstadt.de/olw-konv-repository/material/72/eb/14/10/e3/c5/11/e6/a4/85/00/50/56/bd/73/ad;https://olw-material.hrz.tu-darmstadt.de/olw-konv-repository/material/7b/c0/bc/70/e3/c5/11/e6/89/23/00/50/56/bd/73/ad;https://olw-material.hrz.tu-darmstadt.de/olw-konv-repository/material/83/4f/65/e0/e3/c5/11/e6/88/53/00/50/56/bd/73/ad;https://olw-material.hrz.tu-darmstadt.de/olw-konv-repository/material/6f/65/0e/b0/e3/d2/11/e6/85/d7/00/50/56/bd/73/ad;https://olw-material.hrz.tu-darmstadt.de/olw-konv-repository/material/8d/c5/50/c0/e3/c5/11/e6/bc/b3/00/50/56/bd/73/ad;https://olw-material.hrz.tu-darmstadt.de/olw-konv-repository/material/97/63/c7/60/e3/c5/11/e6/b4/4d/00/50/56/bd/73/ad;https://olw-material.hrz.tu-darmstadt.de/olw-konv-repository/material/a5/3a/b7/90/e3/c5/11/e6/b6/6a/00/50/56/bd/73/ad;https://olw-material.hrz.tu-darmstadt.de/olw-konv-repository/material/ad/b8/2d/d0/e3/c5/11/e6/b6/64/00/50/56/bd/73/ad;https://olw-material.hrz.tu-darmstadt.de/olw-konv-repository/material/b6/66/78/10/e3/c5/11/e6/ac/66/00/50/56/bd/73/ad;
Transformation der Lern-/Lehrkultur,"Die E-Learning-Vortragsreihe ""Transformation        Lern-/Lehrkultur"" beschäftigt sich damit, wie sich        Lehr-/Lernszenarien und der Umgang mit Lernen und Lehren durch        den Einsatz von E-Learning verändert haben.",;86;;;;;;;;;;,E-Learning,SoSe 2008,;https://olw-material.hrz.tu-darmstadt.de/olw-konv-repository/material/2d/99/2b/d0/2d/88/11/e0/92/6f/00/50/56/ac/65/75;https://olw-material.hrz.tu-darmstadt.de/olw-konv-repository/material/2d/98/b6/a2/2d/88/11/e0/92/6f/00/50/56/ac/65/75;https://olw-material.hrz.tu-darmstadt.de/olw-konv-repository/material/2d/98/8f/90/2d/88/11/e0/92/6f/00/50/56/ac/65/75;
Rechtsphilosophie,"Auch wenn „Recht“ ein vermeintlich klarer Gegenstand zu        sein scheint und wir alle wissen, welche Realitätsmacht es hat,        ist der Gegenstand, der so heißt, schwer einzugrenzen und noch        schwerer zu definieren. Recht ist nicht nur das, was Juristen        beruflich tun, es ist nicht nur das, was man als Macht oder        Zwang im Alltag spürt. Es ist vielmehr eine diffuse        Ermöglichungsbedingung für sehr viele öffentliche, gleichermaßen        aber auch individuelle und subjektive Dinge. Für das Recht gilt        ein bißchen das, was Augustinus über die Zeit gesagt hat: Wenn        mich niemand danach fragt, weiß ich es",;61;;;;;;;;;;,Philosophie,WiSe 2005/06,;https://olw-material.hrz.tu-darmstadt.de/olw-konv-repository/material/2d/a1/1b/12/2d/88/11/e0/92/6f/00/50/56/ac/65/75;https://olw-material.hrz.tu-darmstadt.de/olw-konv-repository/material/2d/a1/1b/13/2d/88/11/e0/92/6f/00/50/56/ac/65/75;https://olw-material.hrz.tu-darmstadt.de/olw-konv-repository/material/2d/a1/42/20/2d/88/11/e0/92/6f/00/50/56/ac/65/75;https://olw-material.hrz.tu-darmstadt.de/olw-konv-repository/material/2d/a1/42/21/2d/88/11/e0/92/6f/00/50/56/ac/65/75;https://olw-material.hrz.tu-darmstadt.de/olw-konv-repository/material/2d/a1/42/22/2d/88/11/e0/92/6f/00/50/56/ac/65/75;https://olw-material.hrz.tu-darmstadt.de/olw-konv-repository/material/2d/a1/69/30/2d/88/11/e0/92/6f/00/50/56/ac/65/75;https://olw-material.hrz.tu-darmstadt.de/olw-konv-repository/material/2d/a1/90/40/2d/88/11/e0/92/6f/00/50/56/ac/65/75;https://olw-material.hrz.tu-darmstadt.de/olw-konv-repository/material/2d/a1/90/41/2d/88/11/e0/92/6f/00/50/56/ac/65/75;https://olw-material.hrz.tu-darmstadt.de/olw-konv-repository/material/2d/a1/90/42/2d/88/11/e0/92/6f/00/50/56/ac/65/75;https://olw-material.hrz.tu-darmstadt.de/olw-konv-repository/material/2d/a1/90/43/2d/88/11/e0/92/6f/00/50/56/ac/65/75;https://olw-material.hrz.tu-darmstadt.de/olw-konv-repository/material/2d/a1/b7/50/2d/88/11/e0/92/6f/00/50/56/ac/65/75;https://olw-material.hrz.tu-darmstadt.de/olw-konv-repository/material/2d/a1/b7/51/2d/88/11/e0/92/6f/00/50/56/ac/65/75;https://olw-material.hrz.tu-darmstadt.de/olw-konv-repository/material/2d/a2/05/72/2d/88/11/e0/92/6f/00/50/56/ac/65/75;https://olw-material.hrz.tu-darmstadt.de/olw-konv-repository/material/2d/a1/b7/52/2d/88/11/e0/92/6f/00/50/56/ac/65/75;https://olw-material.hrz.tu-darmstadt.de/olw-konv-repository/material/2d/a1/b7/53/2d/88/11/e0/92/6f/00/50/56/ac/65/75;https://olw-material.hrz.tu-darmstadt.de/olw-konv-repository/material/2d/a1/de/60/2d/88/11/e0/92/6f/00/50/56/ac/65/75;
